[
	{
		"model": "admin.logentry",
		"pk": 1,
		"fields": {
			"action_time": "2024-05-15T15:50:17.253Z",
			"user": 3,
			"content_type": 7,
			"object_id": "3",
			"object_repr": "73e205e9564e65a5046bd8dd264ac50776363bc6",
			"action_flag": 1,
			"change_message": "[{\"added\": {}}]"
		}
	},
	{
		"model": "admin.logentry",
		"pk": 2,
		"fields": {
			"action_time": "2024-05-16T05:10:06.453Z",
			"user": 3,
			"content_type": 22,
			"object_id": "1",
			"object_repr": "dev",
			"action_flag": 1,
			"change_message": "[{\"added\": {}}]"
		}
	},
	{
		"model": "admin.logentry",
		"pk": 3,
		"fields": {
			"action_time": "2024-05-16T05:10:22.030Z",
			"user": 3,
			"content_type": 22,
			"object_id": "2",
			"object_repr": "anlt",
			"action_flag": 1,
			"change_message": "[{\"added\": {}}]"
		}
	},
	{
		"model": "admin.logentry",
		"pk": 4,
		"fields": {
			"action_time": "2024-05-16T05:13:56.553Z",
			"user": 3,
			"content_type": 16,
			"object_id": "1",
			"object_repr": "╠юёътр",
			"action_flag": 1,
			"change_message": "[{\"added\": {}}]"
		}
	},
	{
		"model": "admin.logentry",
		"pk": 5,
		"fields": {
			"action_time": "2024-05-16T05:13:59.290Z",
			"user": 3,
			"content_type": 16,
			"object_id": "2",
			"object_repr": "┼Ёхтрэ",
			"action_flag": 1,
			"change_message": "[{\"added\": {}}]"
		}
	},
	{
		"model": "admin.logentry",
		"pk": 6,
		"fields": {
			"action_time": "2024-05-16T05:14:04.275Z",
			"user": 3,
			"content_type": 16,
			"object_id": "3",
			"object_repr": "╤рэъЄ-╧хЄхЁсєЁу",
			"action_flag": 1,
			"change_message": "[{\"added\": {}}]"
		}
	},
	{
		"model": "admin.logentry",
		"pk": 7,
		"fields": {
			"action_time": "2024-05-16T05:14:07.053Z",
			"user": 3,
			"content_type": 16,
			"object_id": "4",
			"object_repr": "╠юёътр",
			"action_flag": 1,
			"change_message": "[{\"added\": {}}]"
		}
	},
	{
		"model": "admin.logentry",
		"pk": 8,
		"fields": {
			"action_time": "2024-05-16T05:19:00.675Z",
			"user": 3,
			"content_type": 17,
			"object_id": "1",
			"object_repr": "RUB",
			"action_flag": 1,
			"change_message": "[{\"added\": {}}]"
		}
	},
	{
		"model": "admin.logentry",
		"pk": 9,
		"fields": {
			"action_time": "2024-05-16T05:19:53.662Z",
			"user": 3,
			"content_type": 17,
			"object_id": "1",
			"object_repr": "RUB",
			"action_flag": 3,
			"change_message": ""
		}
	},
	{
		"model": "admin.logentry",
		"pk": 10,
		"fields": {
			"action_time": "2024-05-16T05:22:10.913Z",
			"user": 3,
			"content_type": 17,
			"object_id": "2",
			"object_repr": "RUB",
			"action_flag": 1,
			"change_message": "[{\"added\": {}}]"
		}
	},
	{
		"model": "admin.logentry",
		"pk": 11,
		"fields": {
			"action_time": "2024-05-16T05:23:02.369Z",
			"user": 3,
			"content_type": 17,
			"object_id": "2",
			"object_repr": "RUB",
			"action_flag": 2,
			"change_message": "[{\"changed\": {\"fields\": [\"\\u0417\\u0430\\u0440\\u043f\\u043b\\u0430\\u0442\\u0430 \\u043e\\u0442\", \"\\u0417\\u0430\\u0440\\u043f\\u043b\\u0430\\u0442\\u0430 \\u0434\\u043e\"]}}]"
		}
	},
	{
		"model": "admin.logentry",
		"pk": 12,
		"fields": {
			"action_time": "2024-05-16T05:23:31.845Z",
			"user": 3,
			"content_type": 17,
			"object_id": "3",
			"object_repr": "RUB",
			"action_flag": 1,
			"change_message": "[{\"added\": {}}]"
		}
	},
	{
		"model": "admin.logentry",
		"pk": 13,
		"fields": {
			"action_time": "2024-05-16T05:24:22.511Z",
			"user": 3,
			"content_type": 17,
			"object_id": "2",
			"object_repr": "RUB",
			"action_flag": 3,
			"change_message": ""
		}
	},
	{
		"model": "admin.logentry",
		"pk": 14,
		"fields": {
			"action_time": "2024-05-16T05:24:24.283Z",
			"user": 3,
			"content_type": 17,
			"object_id": "3",
			"object_repr": "RUB",
			"action_flag": 3,
			"change_message": ""
		}
	},
	{
		"model": "admin.logentry",
		"pk": 15,
		"fields": {
			"action_time": "2024-05-16T05:24:31.968Z",
			"user": 3,
			"content_type": 17,
			"object_id": "4",
			"object_repr": "RUB",
			"action_flag": 1,
			"change_message": "[{\"added\": {}}]"
		}
	},
	{
		"model": "admin.logentry",
		"pk": 16,
		"fields": {
			"action_time": "2024-05-16T05:24:36.556Z",
			"user": 3,
			"content_type": 17,
			"object_id": "5",
			"object_repr": "RUB",
			"action_flag": 1,
			"change_message": "[{\"added\": {}}]"
		}
	},
	{
		"model": "admin.logentry",
		"pk": 17,
		"fields": {
			"action_time": "2024-05-16T05:24:39.492Z",
			"user": 3,
			"content_type": 17,
			"object_id": "5",
			"object_repr": "RUB",
			"action_flag": 3,
			"change_message": ""
		}
	},
	{
		"model": "admin.logentry",
		"pk": 18,
		"fields": {
			"action_time": "2024-05-16T05:24:41.387Z",
			"user": 3,
			"content_type": 17,
			"object_id": "4",
			"object_repr": "RUB",
			"action_flag": 3,
			"change_message": ""
		}
	},
	{
		"model": "admin.logentry",
		"pk": 19,
		"fields": {
			"action_time": "2024-05-16T05:26:18.781Z",
			"user": 3,
			"content_type": 16,
			"object_id": "1",
			"object_repr": "╠юёътр",
			"action_flag": 3,
			"change_message": ""
		}
	},
	{
		"model": "admin.logentry",
		"pk": 20,
		"fields": {
			"action_time": "2024-05-16T05:26:51.524Z",
			"user": 3,
			"content_type": 17,
			"object_id": "6",
			"object_repr": "RUB",
			"action_flag": 1,
			"change_message": "[{\"added\": {}}]"
		}
	},
	{
		"model": "admin.logentry",
		"pk": 21,
		"fields": {
			"action_time": "2024-05-16T05:26:54.582Z",
			"user": 3,
			"content_type": 17,
			"object_id": "7",
			"object_repr": "RUB",
			"action_flag": 1,
			"change_message": "[{\"added\": {}}]"
		}
	},
	{
		"model": "admin.logentry",
		"pk": 22,
		"fields": {
			"action_time": "2024-05-16T05:26:58.079Z",
			"user": 3,
			"content_type": 17,
			"object_id": "7",
			"object_repr": "RUB",
			"action_flag": 3,
			"change_message": ""
		}
	},
	{
		"model": "admin.logentry",
		"pk": 23,
		"fields": {
			"action_time": "2024-05-16T05:26:59.839Z",
			"user": 3,
			"content_type": 17,
			"object_id": "6",
			"object_repr": "RUB",
			"action_flag": 3,
			"change_message": ""
		}
	},
	{
		"model": "admin.logentry",
		"pk": 24,
		"fields": {
			"action_time": "2024-05-16T05:27:37.425Z",
			"user": 3,
			"content_type": 17,
			"object_id": "8",
			"object_repr": "RUB",
			"action_flag": 1,
			"change_message": "[{\"added\": {}}]"
		}
	},
	{
		"model": "admin.logentry",
		"pk": 25,
		"fields": {
			"action_time": "2024-05-16T05:27:41.164Z",
			"user": 3,
			"content_type": 17,
			"object_id": "9",
			"object_repr": "RUB",
			"action_flag": 1,
			"change_message": "[{\"added\": {}}]"
		}
	},
	{
		"model": "admin.logentry",
		"pk": 26,
		"fields": {
			"action_time": "2024-05-16T05:32:51.661Z",
			"user": 3,
			"content_type": 18,
			"object_id": "1",
			"object_repr": "open",
			"action_flag": 1,
			"change_message": "[{\"added\": {}}]"
		}
	},
	{
		"model": "admin.logentry",
		"pk": 27,
		"fields": {
			"action_time": "2024-05-16T05:32:54.980Z",
			"user": 3,
			"content_type": 18,
			"object_id": "2",
			"object_repr": "closed",
			"action_flag": 1,
			"change_message": "[{\"added\": {}}]"
		}
	},
	{
		"model": "admin.logentry",
		"pk": 28,
		"fields": {
			"action_time": "2024-05-16T05:33:52.305Z",
			"user": 3,
			"content_type": 18,
			"object_id": "2",
			"object_repr": "closed",
			"action_flag": 3,
			"change_message": ""
		}
	},
	{
		"model": "admin.logentry",
		"pk": 29,
		"fields": {
			"action_time": "2024-05-16T05:33:54.260Z",
			"user": 3,
			"content_type": 18,
			"object_id": "1",
			"object_repr": "open",
			"action_flag": 3,
			"change_message": ""
		}
	},
	{
		"model": "admin.logentry",
		"pk": 30,
		"fields": {
			"action_time": "2024-05-16T05:34:55.277Z",
			"user": 3,
			"content_type": 18,
			"object_id": "3",
			"object_repr": "open",
			"action_flag": 1,
			"change_message": "[{\"added\": {}}]"
		}
	},
	{
		"model": "admin.logentry",
		"pk": 31,
		"fields": {
			"action_time": "2024-05-16T05:34:58.542Z",
			"user": 3,
			"content_type": 18,
			"object_id": "4",
			"object_repr": "closed",
			"action_flag": 1,
			"change_message": "[{\"added\": {}}]"
		}
	},
	{
		"model": "admin.logentry",
		"pk": 32,
		"fields": {
			"action_time": "2024-05-16T05:35:06.296Z",
			"user": 3,
			"content_type": 18,
			"object_id": "4",
			"object_repr": "closed",
			"action_flag": 3,
			"change_message": ""
		}
	},
	{
		"model": "admin.logentry",
		"pk": 33,
		"fields": {
			"action_time": "2024-05-16T05:35:08.115Z",
			"user": 3,
			"content_type": 18,
			"object_id": "3",
			"object_repr": "open",
			"action_flag": 3,
			"change_message": ""
		}
	},
	{
		"model": "admin.logentry",
		"pk": 34,
		"fields": {
			"action_time": "2024-05-16T05:35:26.587Z",
			"user": 3,
			"content_type": 18,
			"object_id": "5",
			"object_repr": "open",
			"action_flag": 1,
			"change_message": "[{\"added\": {}}]"
		}
	},
	{
		"model": "admin.logentry",
		"pk": 35,
		"fields": {
			"action_time": "2024-05-16T05:35:35.218Z",
			"user": 3,
			"content_type": 18,
			"object_id": "6",
			"object_repr": "closed",
			"action_flag": 1,
			"change_message": "[{\"added\": {}}]"
		}
	},
	{
		"model": "admin.logentry",
		"pk": 36,
		"fields": {
			"action_time": "2024-05-16T05:37:30.493Z",
			"user": 3,
			"content_type": 17,
			"object_id": "9",
			"object_repr": "RUB",
			"action_flag": 3,
			"change_message": ""
		}
	},
	{
		"model": "admin.logentry",
		"pk": 37,
		"fields": {
			"action_time": "2024-05-16T05:37:46.712Z",
			"user": 3,
			"content_type": 17,
			"object_id": "8",
			"object_repr": "RUB",
			"action_flag": 3,
			"change_message": ""
		}
	},
	{
		"model": "admin.logentry",
		"pk": 38,
		"fields": {
			"action_time": "2024-05-16T05:38:35.178Z",
			"user": 3,
			"content_type": 17,
			"object_id": "10",
			"object_repr": "RUB",
			"action_flag": 1,
			"change_message": "[{\"added\": {}}]"
		}
	},
	{
		"model": "admin.logentry",
		"pk": 39,
		"fields": {
			"action_time": "2024-05-16T05:42:02.602Z",
			"user": 3,
			"content_type": 17,
			"object_id": "11",
			"object_repr": "╬Є None фю 1212 RUB",
			"action_flag": 1,
			"change_message": "[{\"added\": {}}]"
		}
	},
	{
		"model": "admin.logentry",
		"pk": 40,
		"fields": {
			"action_time": "2024-05-16T05:44:42.374Z",
			"user": 3,
			"content_type": 17,
			"object_id": "12",
			"object_repr": "╬Є 100 фю 250 RUB",
			"action_flag": 1,
			"change_message": "[{\"added\": {}}]"
		}
	},
	{
		"model": "admin.logentry",
		"pk": 41,
		"fields": {
			"action_time": "2024-05-16T05:44:55.344Z",
			"user": 3,
			"content_type": 17,
			"object_id": "13",
			"object_repr": "╬Є 100 фю 250 RUB",
			"action_flag": 1,
			"change_message": "[{\"added\": {}}]"
		}
	},
	{
		"model": "admin.logentry",
		"pk": 42,
		"fields": {
			"action_time": "2024-05-16T05:45:57.041Z",
			"user": 3,
			"content_type": 17,
			"object_id": "13",
			"object_repr": "╬Є 110000.00 фю 250.00 RUB",
			"action_flag": 3,
			"change_message": ""
		}
	},
	{
		"model": "admin.logentry",
		"pk": 43,
		"fields": {
			"action_time": "2024-05-16T05:46:57.715Z",
			"user": 3,
			"content_type": 19,
			"object_id": "1",
			"object_repr": "fullDay",
			"action_flag": 1,
			"change_message": "[{\"added\": {}}]"
		}
	},
	{
		"model": "admin.logentry",
		"pk": 44,
		"fields": {
			"action_time": "2024-05-16T05:47:01.165Z",
			"user": 3,
			"content_type": 19,
			"object_id": "2",
			"object_repr": "fullDay",
			"action_flag": 1,
			"change_message": "[{\"added\": {}}]"
		}
	},
	{
		"model": "admin.logentry",
		"pk": 45,
		"fields": {
			"action_time": "2024-05-16T05:47:36.166Z",
			"user": 3,
			"content_type": 19,
			"object_id": "1",
			"object_repr": "fullDay",
			"action_flag": 3,
			"change_message": ""
		}
	},
	{
		"model": "admin.logentry",
		"pk": 46,
		"fields": {
			"action_time": "2024-05-16T05:47:36.169Z",
			"user": 3,
			"content_type": 19,
			"object_id": "2",
			"object_repr": "fullDay",
			"action_flag": 3,
			"change_message": ""
		}
	},
	{
		"model": "admin.logentry",
		"pk": 47,
		"fields": {
			"action_time": "2024-05-16T05:56:41.208Z",
			"user": 3,
			"content_type": 19,
			"object_id": "3",
			"object_repr": "fullDay",
			"action_flag": 1,
			"change_message": "[{\"added\": {}}]"
		}
	},
	{
		"model": "admin.logentry",
		"pk": 48,
		"fields": {
			"action_time": "2024-05-16T05:56:52.405Z",
			"user": 3,
			"content_type": 19,
			"object_id": "3",
			"object_repr": "fullDay",
			"action_flag": 2,
			"change_message": "[]"
		}
	},
	{
		"model": "admin.logentry",
		"pk": 49,
		"fields": {
			"action_time": "2024-05-16T05:56:58.869Z",
			"user": 3,
			"content_type": 19,
			"object_id": "4",
			"object_repr": "shift",
			"action_flag": 1,
			"change_message": "[{\"added\": {}}]"
		}
	},
	{
		"model": "admin.logentry",
		"pk": 50,
		"fields": {
			"action_time": "2024-05-16T05:57:01.683Z",
			"user": 3,
			"content_type": 19,
			"object_id": "5",
			"object_repr": "flexible",
			"action_flag": 1,
			"change_message": "[{\"added\": {}}]"
		}
	},
	{
		"model": "admin.logentry",
		"pk": 51,
		"fields": {
			"action_time": "2024-05-16T05:57:05.074Z",
			"user": 3,
			"content_type": 19,
			"object_id": "6",
			"object_repr": "remote",
			"action_flag": 1,
			"change_message": "[{\"added\": {}}]"
		}
	},
	{
		"model": "admin.logentry",
		"pk": 52,
		"fields": {
			"action_time": "2024-05-16T05:57:07.319Z",
			"user": 3,
			"content_type": 19,
			"object_id": "7",
			"object_repr": "flyInFlyOut",
			"action_flag": 1,
			"change_message": "[{\"added\": {}}]"
		}
	},
	{
		"model": "admin.logentry",
		"pk": 53,
		"fields": {
			"action_time": "2024-05-16T05:58:41.471Z",
			"user": 3,
			"content_type": 20,
			"object_id": "1",
			"object_repr": "probation",
			"action_flag": 1,
			"change_message": "[{\"added\": {}}]"
		}
	},
	{
		"model": "admin.logentry",
		"pk": 54,
		"fields": {
			"action_time": "2024-05-16T05:58:45.273Z",
			"user": 3,
			"content_type": 20,
			"object_id": "2",
			"object_repr": "probation",
			"action_flag": 1,
			"change_message": "[{\"added\": {}}]"
		}
	},
	{
		"model": "admin.logentry",
		"pk": 55,
		"fields": {
			"action_time": "2024-05-16T05:58:58.381Z",
			"user": 3,
			"content_type": 20,
			"object_id": "2",
			"object_repr": "probation",
			"action_flag": 3,
			"change_message": ""
		}
	},
	{
		"model": "admin.logentry",
		"pk": 56,
		"fields": {
			"action_time": "2024-05-16T05:59:00.417Z",
			"user": 3,
			"content_type": 20,
			"object_id": "1",
			"object_repr": "probation",
			"action_flag": 3,
			"change_message": ""
		}
	},
	{
		"model": "admin.logentry",
		"pk": 57,
		"fields": {
			"action_time": "2024-05-16T05:59:04.089Z",
			"user": 3,
			"content_type": 20,
			"object_id": "3",
			"object_repr": "part",
			"action_flag": 1,
			"change_message": "[{\"added\": {}}]"
		}
	},
	{
		"model": "admin.logentry",
		"pk": 58,
		"fields": {
			"action_time": "2024-05-16T05:59:59.456Z",
			"user": 3,
			"content_type": 21,
			"object_id": "1",
			"object_repr": "between1And3",
			"action_flag": 1,
			"change_message": "[{\"added\": {}}]"
		}
	},
	{
		"model": "admin.logentry",
		"pk": 59,
		"fields": {
			"action_time": "2024-05-16T06:00:02.362Z",
			"user": 3,
			"content_type": 21,
			"object_id": "2",
			"object_repr": "between1And3",
			"action_flag": 1,
			"change_message": "[{\"added\": {}}]"
		}
	},
	{
		"model": "admin.logentry",
		"pk": 60,
		"fields": {
			"action_time": "2024-05-16T06:00:12.015Z",
			"user": 3,
			"content_type": 21,
			"object_id": "2",
			"object_repr": "between1And3",
			"action_flag": 3,
			"change_message": ""
		}
	},
	{
		"model": "admin.logentry",
		"pk": 61,
		"fields": {
			"action_time": "2024-05-16T06:00:13.948Z",
			"user": 3,
			"content_type": 21,
			"object_id": "1",
			"object_repr": "between1And3",
			"action_flag": 3,
			"change_message": ""
		}
	},
	{
		"model": "admin.logentry",
		"pk": 62,
		"fields": {
			"action_time": "2024-05-16T06:00:18.186Z",
			"user": 3,
			"content_type": 21,
			"object_id": "3",
			"object_repr": "between3And6",
			"action_flag": 1,
			"change_message": "[{\"added\": {}}]"
		}
	},
	{
		"model": "admin.logentry",
		"pk": 63,
		"fields": {
			"action_time": "2024-05-16T06:00:22.176Z",
			"user": 3,
			"content_type": 21,
			"object_id": "4",
			"object_repr": "moreThan6",
			"action_flag": 1,
			"change_message": "[{\"added\": {}}]"
		}
	},
	{
		"model": "admin.logentry",
		"pk": 64,
		"fields": {
			"action_time": "2024-05-16T06:00:24.768Z",
			"user": 3,
			"content_type": 21,
			"object_id": "5",
			"object_repr": "noExperience",
			"action_flag": 1,
			"change_message": "[{\"added\": {}}]"
		}
	},
	{
		"model": "admin.logentry",
		"pk": 65,
		"fields": {
			"action_time": "2024-05-16T06:00:32.298Z",
			"user": 3,
			"content_type": 21,
			"object_id": "6",
			"object_repr": "between1And3",
			"action_flag": 1,
			"change_message": "[{\"added\": {}}]"
		}
	},
	{
		"model": "admin.logentry",
		"pk": 66,
		"fields": {
			"action_time": "2024-05-16T06:02:12.277Z",
			"user": 3,
			"content_type": 23,
			"object_id": "1",
			"object_repr": "Python ЁрчЁрсюЄўшъ",
			"action_flag": 1,
			"change_message": "[{\"added\": {}}]"
		}
	},
	{
		"model": "admin.logentry",
		"pk": 67,
		"fields": {
			"action_time": "2024-05-16T06:03:59.706Z",
			"user": 3,
			"content_type": 23,
			"object_id": "1",
			"object_repr": "Python ЁрчЁрсюЄўшъ",
			"action_flag": 2,
			"change_message": "[{\"changed\": {\"fields\": [\"\\u041b\\u043e\\u043a\\u0430\\u0446\\u0438\\u044f\", \"\\u0422\\u0435\\u0433\\u0438 \\u0432\\u0430\\u043a\\u0430\\u043d\\u0441\\u0438\\u0438\"]}}]"
		}
	},
	{
		"model": "admin.logentry",
		"pk": 68,
		"fields": {
			"action_time": "2024-05-16T06:08:20.868Z",
			"user": 3,
			"content_type": 16,
			"object_id": "5",
			"object_repr": "Москва",
			"action_flag": 1,
			"change_message": "[{\"added\": {}}]"
		}
	},
	{
		"model": "admin.logentry",
		"pk": 69,
		"fields": {
			"action_time": "2024-05-16T06:08:37.501Z",
			"user": 3,
			"content_type": 16,
			"object_id": "4",
			"object_repr": "╠юёътр",
			"action_flag": 3,
			"change_message": ""
		}
	},
	{
		"model": "admin.logentry",
		"pk": 70,
		"fields": {
			"action_time": "2024-05-16T06:08:37.503Z",
			"user": 3,
			"content_type": 16,
			"object_id": "3",
			"object_repr": "╤рэъЄ-╧хЄхЁсєЁу",
			"action_flag": 3,
			"change_message": ""
		}
	},
	{
		"model": "admin.logentry",
		"pk": 71,
		"fields": {
			"action_time": "2024-05-16T06:08:37.505Z",
			"user": 3,
			"content_type": 16,
			"object_id": "2",
			"object_repr": "┼Ёхтрэ",
			"action_flag": 3,
			"change_message": ""
		}
	},
	{
		"model": "admin.logentry",
		"pk": 72,
		"fields": {
			"action_time": "2024-05-16T06:08:47.242Z",
			"user": 3,
			"content_type": 16,
			"object_id": "6",
			"object_repr": "yerevan",
			"action_flag": 1,
			"change_message": "[{\"added\": {}}]"
		}
	},
	{
		"model": "admin.logentry",
		"pk": 73,
		"fields": {
			"action_time": "2024-05-16T06:08:50.843Z",
			"user": 3,
			"content_type": 16,
			"object_id": "7",
			"object_repr": "spb",
			"action_flag": 1,
			"change_message": "[{\"added\": {}}]"
		}
	},
	{
		"model": "admin.logentry",
		"pk": 74,
		"fields": {
			"action_time": "2024-05-16T19:35:28.380Z",
			"user": 3,
			"content_type": 23,
			"object_id": "1",
			"object_repr": "Python ЁрчЁрсюЄўшъ",
			"action_flag": 2,
			"change_message": "[{\"changed\": {\"fields\": [\"\\u041b\\u043e\\u043a\\u0430\\u0446\\u0438\\u044f\"]}}]"
		}
	},
	{
		"model": "admin.logentry",
		"pk": 75,
		"fields": {
			"action_time": "2024-05-17T05:16:27.911Z",
			"user": 3,
			"content_type": 12,
			"object_id": "1",
			"object_repr": "tag",
			"action_flag": 1,
			"change_message": "[{\"added\": {}}]"
		}
	},
	{
		"model": "admin.logentry",
		"pk": 76,
		"fields": {
			"action_time": "2024-05-17T05:22:10.020Z",
			"user": 3,
			"content_type": 22,
			"object_id": "3",
			"object_repr": "dev",
			"action_flag": 1,
			"change_message": "[{\"added\": {}}]"
		}
	},
	{
		"model": "admin.logentry",
		"pk": 77,
		"fields": {
			"action_time": "2024-05-17T05:22:56.482Z",
			"user": 3,
			"content_type": 22,
			"object_id": "3",
			"object_repr": "dev",
			"action_flag": 3,
			"change_message": ""
		}
	},
	{
		"model": "admin.logentry",
		"pk": 78,
		"fields": {
			"action_time": "2024-06-02T10:20:24.191Z",
			"user": 3,
			"content_type": 17,
			"object_id": "10",
			"object_repr": "╬Є 10000.00 фю 250000.00 USD",
			"action_flag": 2,
			"change_message": "[{\"changed\": {\"fields\": [\"\\u0417\\u0430\\u0440\\u043f\\u043b\\u0430\\u0442\\u0430 \\u043e\\u0442\", \"\\u0417\\u0430\\u0440\\u043f\\u043b\\u0430\\u0442\\u0430 \\u0434\\u043e\", \"\\u041d\\u0430\\u0437\\u0432\\u0430\\u043d\\u0438\\u0435 \\u0432\\u0430\\u043b\\u044e\\u0442\\u044b\"]}}]"
		}
	},
	{
		"model": "admin.logentry",
		"pk": 79,
		"fields": {
			"action_time": "2024-06-02T10:21:00.270Z",
			"user": 3,
			"content_type": 20,
			"object_id": "4",
			"object_repr": "full",
			"action_flag": 1,
			"change_message": "[{\"added\": {}}]"
		}
	},
	{
		"model": "admin.logentry",
		"pk": 80,
		"fields": {
			"action_time": "2024-06-02T10:21:05.681Z",
			"user": 3,
			"content_type": 20,
			"object_id": "5",
			"object_repr": "project",
			"action_flag": 1,
			"change_message": "[{\"added\": {}}]"
		}
	},
	{
		"model": "admin.logentry",
		"pk": 81,
		"fields": {
			"action_time": "2024-06-02T10:21:08.993Z",
			"user": 3,
			"content_type": 20,
			"object_id": "6",
			"object_repr": "volunteer",
			"action_flag": 1,
			"change_message": "[{\"added\": {}}]"
		}
	},
	{
		"model": "admin.logentry",
		"pk": 82,
		"fields": {
			"action_time": "2024-06-02T10:21:12.263Z",
			"user": 3,
			"content_type": 20,
			"object_id": "7",
			"object_repr": "probation",
			"action_flag": 1,
			"change_message": "[{\"added\": {}}]"
		}
	},
	{
		"model": "admin.logentry",
		"pk": 83,
		"fields": {
			"action_time": "2024-06-02T10:22:11.225Z",
			"user": 3,
			"content_type": 17,
			"object_id": "11",
			"object_repr": "╬Є 1000 фю 5000 EUR",
			"action_flag": 2,
			"change_message": "[{\"changed\": {\"fields\": [\"\\u0417\\u0430\\u0440\\u043f\\u043b\\u0430\\u0442\\u0430 \\u043e\\u0442\", \"\\u0417\\u0430\\u0440\\u043f\\u043b\\u0430\\u0442\\u0430 \\u0434\\u043e\", \"\\u041d\\u0430\\u0437\\u0432\\u0430\\u043d\\u0438\\u0435 \\u0432\\u0430\\u043b\\u044e\\u0442\\u044b\"]}}]"
		}
	},
	{
		"model": "admin.logentry",
		"pk": 84,
		"fields": {
			"action_time": "2024-06-02T10:23:03.143Z",
			"user": 3,
			"content_type": 23,
			"object_id": "2",
			"object_repr": "Web яЁюуЁрььшёЄ",
			"action_flag": 1,
			"change_message": "[{\"added\": {}}]"
		}
	},
	{
		"model": "admin.logentry",
		"pk": 86,
		"fields": {
			"action_time": "2024-06-02T10:53:17.880Z",
			"user": 3,
			"content_type": 23,
			"object_id": "3",
			"object_repr": "щєЎщЎєщЎєщЎє",
			"action_flag": 1,
			"change_message": "[{\"added\": {}}]"
		}
	},
	{
		"model": "admin.logentry",
		"pk": 87,
		"fields": {
			"action_time": "2024-06-02T10:53:43.106Z",
			"user": 3,
			"content_type": 19,
			"object_id": "8",
			"object_repr": "notSet",
			"action_flag": 1,
			"change_message": "[{\"added\": {}}]"
		}
	},
	{
		"model": "admin.logentry",
		"pk": 88,
		"fields": {
			"action_time": "2024-06-02T10:54:06.630Z",
			"user": 3,
			"content_type": 17,
			"object_id": "14",
			"object_repr": "╬Є 12 фю 12212 RUB",
			"action_flag": 1,
			"change_message": "[{\"added\": {}}]"
		}
	},
	{
		"model": "admin.logentry",
		"pk": 89,
		"fields": {
			"action_time": "2024-06-02T10:55:23.324Z",
			"user": 3,
			"content_type": 21,
			"object_id": "3",
			"object_repr": "between3And6",
			"action_flag": 3,
			"change_message": ""
		}
	},
	{
		"model": "admin.logentry",
		"pk": 90,
		"fields": {
			"action_time": "2024-06-02T10:55:49.236Z",
			"user": 3,
			"content_type": 19,
			"object_id": "3",
			"object_repr": "fullDay",
			"action_flag": 3,
			"change_message": ""
		}
	},
	{
		"model": "admin.logentry",
		"pk": 91,
		"fields": {
			"action_time": "2024-06-02T10:57:07.363Z",
			"user": 3,
			"content_type": 17,
			"object_id": "11",
			"object_repr": "╬Є 1000.00 фю 5000.00 EUR",
			"action_flag": 3,
			"change_message": ""
		}
	},
	{
		"model": "admin.logentry",
		"pk": 92,
		"fields": {
			"action_time": "2024-06-02T11:12:17.375Z",
			"user": 3,
			"content_type": 19,
			"object_id": "6",
			"object_repr": "remote",
			"action_flag": 3,
			"change_message": ""
		}
	},
	{
		"model": "admin.logentry",
		"pk": 93,
		"fields": {
			"action_time": "2024-06-02T11:13:20.130Z",
			"user": 3,
			"content_type": 19,
			"object_id": "6",
			"object_repr": "remote",
			"action_flag": 3,
			"change_message": ""
		}
	},
	{
		"model": "admin.logentry",
		"pk": 94,
		"fields": {
			"action_time": "2024-06-02T11:23:43.646Z",
			"user": 3,
			"content_type": 19,
			"object_id": "8",
			"object_repr": "notSet",
			"action_flag": 3,
			"change_message": ""
		}
	},
	{
		"model": "admin.logentry",
		"pk": 95,
		"fields": {
			"action_time": "2024-06-02T11:23:51.783Z",
			"user": 3,
			"content_type": 19,
			"object_id": "9",
			"object_repr": "fullDay",
			"action_flag": 1,
			"change_message": "[{\"added\": {}}]"
		}
	},
	{
		"model": "admin.logentry",
		"pk": 96,
		"fields": {
			"action_time": "2024-06-02T11:23:59.633Z",
			"user": 3,
			"content_type": 19,
			"object_id": "10",
			"object_repr": "remote",
			"action_flag": 1,
			"change_message": "[{\"added\": {}}]"
		}
	},
	{
		"model": "admin.logentry",
		"pk": 97,
		"fields": {
			"action_time": "2024-06-02T11:24:38.790Z",
			"user": 3,
			"content_type": 23,
			"object_id": "4",
			"object_repr": "┬рърэёш  1",
			"action_flag": 1,
			"change_message": "[{\"added\": {}}]"
		}
	},
	{
		"model": "admin.logentry",
		"pk": 98,
		"fields": {
			"action_time": "2024-06-02T13:37:31.794Z",
			"user": 3,
			"content_type": 7,
			"object_id": "2",
			"object_repr": "a29938b7908588e8c67a1a97ca54390984632fc0",
			"action_flag": 1,
			"change_message": "[{\"added\": {}}]"
		}
	},
	{
		"model": "admin.logentry",
		"pk": 99,
		"fields": {
			"action_time": "2024-06-02T16:51:17.449Z",
			"user": 3,
			"content_type": 16,
			"object_id": "8",
			"object_repr": "╠юёътр",
			"action_flag": 1,
			"change_message": "[{\"added\": {}}]"
		}
	},
	{
		"model": "admin.logentry",
		"pk": 100,
		"fields": {
			"action_time": "2024-06-02T16:51:20.846Z",
			"user": 3,
			"content_type": 16,
			"object_id": "9",
			"object_repr": "┼Ёхтрэ",
			"action_flag": 1,
			"change_message": "[{\"added\": {}}]"
		}
	},
	{
		"model": "admin.logentry",
		"pk": 101,
		"fields": {
			"action_time": "2024-06-02T16:51:23.123Z",
			"user": 3,
			"content_type": 16,
			"object_id": "10",
			"object_repr": "╤рэъЄ-╧хЄхЁсєЁу",
			"action_flag": 1,
			"change_message": "[{\"added\": {}}]"
		}
	},
	{
		"model": "admin.logentry",
		"pk": 102,
		"fields": {
			"action_time": "2024-06-02T16:52:01.925Z",
			"user": 3,
			"content_type": 16,
			"object_id": "7",
			"object_repr": "spb",
			"action_flag": 3,
			"change_message": ""
		}
	},
	{
		"model": "admin.logentry",
		"pk": 103,
		"fields": {
			"action_time": "2024-06-02T16:52:01.928Z",
			"user": 3,
			"content_type": 16,
			"object_id": "6",
			"object_repr": "yerevan",
			"action_flag": 3,
			"change_message": ""
		}
	},
	{
		"model": "admin.logentry",
		"pk": 104,
		"fields": {
			"action_time": "2024-06-02T16:52:01.930Z",
			"user": 3,
			"content_type": 16,
			"object_id": "5",
			"object_repr": "Москва",
			"action_flag": 3,
			"change_message": ""
		}
	},
	{
		"model": "admin.logentry",
		"pk": 105,
		"fields": {
			"action_time": "2024-06-02T16:52:39.112Z",
			"user": 3,
			"content_type": 23,
			"object_id": "23",
			"object_repr": "┬рърэёш  from postman",
			"action_flag": 2,
			"change_message": "[{\"changed\": {\"fields\": [\"\\u041b\\u043e\\u043a\\u0430\\u0446\\u0438\\u044f\", \"\\u0423\\u0440\\u043b \\u0432\\u0430\\u043a\\u0430\\u043d\\u0441\\u0438\\u0438\"]}}]"
		}
	},
	{
		"model": "admin.logentry",
		"pk": 106,
		"fields": {
			"action_time": "2024-06-02T17:11:48.927Z",
			"user": 3,
			"content_type": 16,
			"object_id": "10",
			"object_repr": "╤рэъЄ-╧хЄхЁсєЁу",
			"action_flag": 3,
			"change_message": ""
		}
	},
	{
		"model": "admin.logentry",
		"pk": 107,
		"fields": {
			"action_time": "2024-06-02T17:11:48.930Z",
			"user": 3,
			"content_type": 16,
			"object_id": "9",
			"object_repr": "┼Ёхтрэ",
			"action_flag": 3,
			"change_message": ""
		}
	},
	{
		"model": "admin.logentry",
		"pk": 108,
		"fields": {
			"action_time": "2024-06-02T17:11:48.932Z",
			"user": 3,
			"content_type": 16,
			"object_id": "8",
			"object_repr": "╠юёътр",
			"action_flag": 3,
			"change_message": ""
		}
	},
	{
		"model": "admin.logentry",
		"pk": 109,
		"fields": {
			"action_time": "2024-06-02T17:11:53.142Z",
			"user": 3,
			"content_type": 16,
			"object_id": "11",
			"object_repr": "Москва",
			"action_flag": 1,
			"change_message": "[{\"added\": {}}]"
		}
	},
	{
		"model": "admin.logentry",
		"pk": 110,
		"fields": {
			"action_time": "2024-06-02T17:11:55.870Z",
			"user": 3,
			"content_type": 16,
			"object_id": "12",
			"object_repr": "yerevan",
			"action_flag": 1,
			"change_message": "[{\"added\": {}}]"
		}
	},
	{
		"model": "admin.logentry",
		"pk": 111,
		"fields": {
			"action_time": "2024-06-02T17:11:59.146Z",
			"user": 3,
			"content_type": 16,
			"object_id": "13",
			"object_repr": "spb",
			"action_flag": 1,
			"change_message": "[{\"added\": {}}]"
		}
	},
	{
		"model": "admin.logentry",
		"pk": 112,
		"fields": {
			"action_time": "2024-06-02T17:12:32.676Z",
			"user": 3,
			"content_type": 23,
			"object_id": "27",
			"object_repr": "┬рърэёш  from postman",
			"action_flag": 2,
			"change_message": "[{\"changed\": {\"fields\": [\"\\u041b\\u043e\\u043a\\u0430\\u0446\\u0438\\u044f\", \"\\u0423\\u0440\\u043b \\u0432\\u0430\\u043a\\u0430\\u043d\\u0441\\u0438\\u0438\"]}}]"
		}
	},
	{
		"model": "admin.logentry",
		"pk": 113,
		"fields": {
			"action_time": "2024-06-02T18:27:42.515Z",
			"user": 3,
			"content_type": 19,
			"object_id": "11",
			"object_repr": "fullDay",
			"action_flag": 1,
			"change_message": "[{\"added\": {}}]"
		}
	},
	{
		"model": "admin.logentry",
		"pk": 114,
		"fields": {
			"action_time": "2024-06-02T18:27:53.748Z",
			"user": 3,
			"content_type": 19,
			"object_id": "12",
			"object_repr": "shift",
			"action_flag": 1,
			"change_message": "[{\"added\": {}}]"
		}
	},
	{
		"model": "admin.logentry",
		"pk": 115,
		"fields": {
			"action_time": "2024-06-02T18:27:57.012Z",
			"user": 3,
			"content_type": 19,
			"object_id": "13",
			"object_repr": "flexible",
			"action_flag": 1,
			"change_message": "[{\"added\": {}}]"
		}
	},
	{
		"model": "admin.logentry",
		"pk": 116,
		"fields": {
			"action_time": "2024-06-02T18:28:01.088Z",
			"user": 3,
			"content_type": 19,
			"object_id": "14",
			"object_repr": "remote",
			"action_flag": 1,
			"change_message": "[{\"added\": {}}]"
		}
	},
	{
		"model": "admin.logentry",
		"pk": 117,
		"fields": {
			"action_time": "2024-06-02T18:28:03.867Z",
			"user": 3,
			"content_type": 19,
			"object_id": "15",
			"object_repr": "flyInFlyOut",
			"action_flag": 1,
			"change_message": "[{\"added\": {}}]"
		}
	},
	{
		"model": "admin.logentry",
		"pk": 118,
		"fields": {
			"action_time": "2024-06-02T18:28:21.521Z",
			"user": 3,
			"content_type": 16,
			"object_id": "14",
			"object_repr": "Москва",
			"action_flag": 1,
			"change_message": "[{\"added\": {}}]"
		}
	},
	{
		"model": "admin.logentry",
		"pk": 119,
		"fields": {
			"action_time": "2024-06-02T18:28:23.674Z",
			"user": 3,
			"content_type": 16,
			"object_id": "15",
			"object_repr": "yerevan",
			"action_flag": 1,
			"change_message": "[{\"added\": {}}]"
		}
	},
	{
		"model": "admin.logentry",
		"pk": 120,
		"fields": {
			"action_time": "2024-06-02T18:28:26.059Z",
			"user": 3,
			"content_type": 16,
			"object_id": "16",
			"object_repr": "spb",
			"action_flag": 1,
			"change_message": "[{\"added\": {}}]"
		}
	},
	{
		"model": "admin.logentry",
		"pk": 121,
		"fields": {
			"action_time": "2024-06-02T18:29:50.664Z",
			"user": 3,
			"content_type": 16,
			"object_id": "16",
			"object_repr": "spb",
			"action_flag": 3,
			"change_message": ""
		}
	},
	{
		"model": "admin.logentry",
		"pk": 122,
		"fields": {
			"action_time": "2024-06-02T18:29:50.668Z",
			"user": 3,
			"content_type": 16,
			"object_id": "15",
			"object_repr": "yerevan",
			"action_flag": 3,
			"change_message": ""
		}
	},
	{
		"model": "admin.logentry",
		"pk": 123,
		"fields": {
			"action_time": "2024-06-02T18:29:50.670Z",
			"user": 3,
			"content_type": 16,
			"object_id": "14",
			"object_repr": "Москва",
			"action_flag": 3,
			"change_message": ""
		}
	},
	{
		"model": "admin.logentry",
		"pk": 124,
		"fields": {
			"action_time": "2024-06-02T18:29:55.937Z",
			"user": 3,
			"content_type": 19,
			"object_id": "13",
			"object_repr": "flexible",
			"action_flag": 3,
			"change_message": ""
		}
	},
	{
		"model": "admin.logentry",
		"pk": 125,
		"fields": {
			"action_time": "2024-06-02T18:29:55.939Z",
			"user": 3,
			"content_type": 19,
			"object_id": "15",
			"object_repr": "flyInFlyOut",
			"action_flag": 3,
			"change_message": ""
		}
	},
	{
		"model": "admin.logentry",
		"pk": 126,
		"fields": {
			"action_time": "2024-06-02T18:29:55.941Z",
			"user": 3,
			"content_type": 19,
			"object_id": "11",
			"object_repr": "fullDay",
			"action_flag": 3,
			"change_message": ""
		}
	},
	{
		"model": "admin.logentry",
		"pk": 127,
		"fields": {
			"action_time": "2024-06-02T18:29:55.943Z",
			"user": 3,
			"content_type": 19,
			"object_id": "14",
			"object_repr": "remote",
			"action_flag": 3,
			"change_message": ""
		}
	},
	{
		"model": "admin.logentry",
		"pk": 128,
		"fields": {
			"action_time": "2024-06-02T18:29:55.945Z",
			"user": 3,
			"content_type": 19,
			"object_id": "12",
			"object_repr": "shift",
			"action_flag": 3,
			"change_message": ""
		}
	},
	{
		"model": "admin.logentry",
		"pk": 129,
		"fields": {
			"action_time": "2024-06-02T18:32:46.868Z",
			"user": 3,
			"content_type": 19,
			"object_id": "16",
			"object_repr": "fullDay",
			"action_flag": 1,
			"change_message": "[{\"added\": {}}]"
		}
	},
	{
		"model": "admin.logentry",
		"pk": 130,
		"fields": {
			"action_time": "2024-06-02T18:33:46.641Z",
			"user": 3,
			"content_type": 19,
			"object_id": "16",
			"object_repr": "fullDay",
			"action_flag": 3,
			"change_message": ""
		}
	},
	{
		"model": "admin.logentry",
		"pk": 131,
		"fields": {
			"action_time": "2024-06-02T18:33:55.063Z",
			"user": 3,
			"content_type": 19,
			"object_id": "17",
			"object_repr": "fullDay",
			"action_flag": 1,
			"change_message": "[{\"added\": {}}]"
		}
	},
	{
		"model": "admin.logentry",
		"pk": 132,
		"fields": {
			"action_time": "2024-06-02T18:35:20.860Z",
			"user": 3,
			"content_type": 19,
			"object_id": "17",
			"object_repr": "fullDay",
			"action_flag": 3,
			"change_message": ""
		}
	},
	{
		"model": "admin.logentry",
		"pk": 133,
		"fields": {
			"action_time": "2024-06-02T18:35:24.138Z",
			"user": 3,
			"content_type": 21,
			"object_id": "7",
			"object_repr": "noExperience",
			"action_flag": 1,
			"change_message": "[{\"added\": {}}]"
		}
	},
	{
		"model": "admin.logentry",
		"pk": 134,
		"fields": {
			"action_time": "2024-06-02T18:35:27.434Z",
			"user": 3,
			"content_type": 21,
			"object_id": "8",
			"object_repr": "between1And3",
			"action_flag": 1,
			"change_message": "[{\"added\": {}}]"
		}
	},
	{
		"model": "admin.logentry",
		"pk": 135,
		"fields": {
			"action_time": "2024-06-02T18:35:30.730Z",
			"user": 3,
			"content_type": 21,
			"object_id": "9",
			"object_repr": "between3And6",
			"action_flag": 1,
			"change_message": "[{\"added\": {}}]"
		}
	},
	{
		"model": "admin.logentry",
		"pk": 136,
		"fields": {
			"action_time": "2024-06-02T18:35:33.181Z",
			"user": 3,
			"content_type": 21,
			"object_id": "10",
			"object_repr": "moreThan6",
			"action_flag": 1,
			"change_message": "[{\"added\": {}}]"
		}
	},
	{
		"model": "admin.logentry",
		"pk": 137,
		"fields": {
			"action_time": "2024-06-02T18:35:42.538Z",
			"user": 3,
			"content_type": 20,
			"object_id": "8",
			"object_repr": "full",
			"action_flag": 1,
			"change_message": "[{\"added\": {}}]"
		}
	},
	{
		"model": "admin.logentry",
		"pk": 138,
		"fields": {
			"action_time": "2024-06-02T18:35:45.537Z",
			"user": 3,
			"content_type": 20,
			"object_id": "9",
			"object_repr": "part",
			"action_flag": 1,
			"change_message": "[{\"added\": {}}]"
		}
	},
	{
		"model": "admin.logentry",
		"pk": 139,
		"fields": {
			"action_time": "2024-06-02T18:35:48.453Z",
			"user": 3,
			"content_type": 20,
			"object_id": "10",
			"object_repr": "project",
			"action_flag": 1,
			"change_message": "[{\"added\": {}}]"
		}
	},
	{
		"model": "admin.logentry",
		"pk": 140,
		"fields": {
			"action_time": "2024-06-02T18:39:59.135Z",
			"user": 3,
			"content_type": 20,
			"object_id": "11",
			"object_repr": "volunteer",
			"action_flag": 1,
			"change_message": "[{\"added\": {}}]"
		}
	},
	{
		"model": "admin.logentry",
		"pk": 141,
		"fields": {
			"action_time": "2024-06-02T18:40:01.875Z",
			"user": 3,
			"content_type": 20,
			"object_id": "12",
			"object_repr": "probation",
			"action_flag": 1,
			"change_message": "[{\"added\": {}}]"
		}
	},
	{
		"model": "admin.logentry",
		"pk": 142,
		"fields": {
			"action_time": "2024-06-02T18:40:07.655Z",
			"user": 3,
			"content_type": 18,
			"object_id": "7",
			"object_repr": "open",
			"action_flag": 1,
			"change_message": "[{\"added\": {}}]"
		}
	},
	{
		"model": "admin.logentry",
		"pk": 143,
		"fields": {
			"action_time": "2024-06-02T18:40:09.917Z",
			"user": 3,
			"content_type": 18,
			"object_id": "8",
			"object_repr": "closed",
			"action_flag": 1,
			"change_message": "[{\"added\": {}}]"
		}
	},
	{
		"model": "admin.logentry",
		"pk": 144,
		"fields": {
			"action_time": "2024-06-02T18:40:15.549Z",
			"user": 3,
			"content_type": 22,
			"object_id": "4",
			"object_repr": "dev",
			"action_flag": 1,
			"change_message": "[{\"added\": {}}]"
		}
	},
	{
		"model": "admin.logentry",
		"pk": 145,
		"fields": {
			"action_time": "2024-06-02T18:40:18.428Z",
			"user": 3,
			"content_type": 22,
			"object_id": "5",
			"object_repr": "anlt",
			"action_flag": 1,
			"change_message": "[{\"added\": {}}]"
		}
	},
	{
		"model": "admin.logentry",
		"pk": 146,
		"fields": {
			"action_time": "2024-06-02T18:40:25.667Z",
			"user": 3,
			"content_type": 16,
			"object_id": "17",
			"object_repr": "Москва",
			"action_flag": 1,
			"change_message": "[{\"added\": {}}]"
		}
	},
	{
		"model": "admin.logentry",
		"pk": 147,
		"fields": {
			"action_time": "2024-06-02T18:40:27.777Z",
			"user": 3,
			"content_type": 16,
			"object_id": "18",
			"object_repr": "yerevan",
			"action_flag": 1,
			"change_message": "[{\"added\": {}}]"
		}
	},
	{
		"model": "admin.logentry",
		"pk": 148,
		"fields": {
			"action_time": "2024-06-02T18:40:29.851Z",
			"user": 3,
			"content_type": 16,
			"object_id": "19",
			"object_repr": "spb",
			"action_flag": 1,
			"change_message": "[{\"added\": {}}]"
		}
	},
	{
		"model": "admin.logentry",
		"pk": 149,
		"fields": {
			"action_time": "2024-06-02T18:40:47.037Z",
			"user": 3,
			"content_type": 19,
			"object_id": "18",
			"object_repr": "fullDay",
			"action_flag": 1,
			"change_message": "[{\"added\": {}}]"
		}
	},
	{
		"model": "admin.logentry",
		"pk": 150,
		"fields": {
			"action_time": "2024-06-02T18:40:49.561Z",
			"user": 3,
			"content_type": 19,
			"object_id": "19",
			"object_repr": "shift",
			"action_flag": 1,
			"change_message": "[{\"added\": {}}]"
		}
	},
	{
		"model": "admin.logentry",
		"pk": 151,
		"fields": {
			"action_time": "2024-06-02T18:40:52.024Z",
			"user": 3,
			"content_type": 19,
			"object_id": "20",
			"object_repr": "flexible",
			"action_flag": 1,
			"change_message": "[{\"added\": {}}]"
		}
	},
	{
		"model": "admin.logentry",
		"pk": 152,
		"fields": {
			"action_time": "2024-06-02T18:40:54.165Z",
			"user": 3,
			"content_type": 19,
			"object_id": "21",
			"object_repr": "remote",
			"action_flag": 1,
			"change_message": "[{\"added\": {}}]"
		}
	},
	{
		"model": "admin.logentry",
		"pk": 153,
		"fields": {
			"action_time": "2024-06-02T18:40:56.521Z",
			"user": 3,
			"content_type": 19,
			"object_id": "22",
			"object_repr": "flyInFlyOut",
			"action_flag": 1,
			"change_message": "[{\"added\": {}}]"
		}
	},
	{
		"model": "admin.logentry",
		"pk": 154,
		"fields": {
			"action_time": "2024-06-02T18:41:40.033Z",
			"user": 3,
			"content_type": 17,
			"object_id": "109",
			"object_repr": "╬Є 100000 фю 2500000 RUB",
			"action_flag": 1,
			"change_message": "[{\"added\": {}}]"
		}
	},
	{
		"model": "admin.logentry",
		"pk": 155,
		"fields": {
			"action_time": "2024-06-02T18:41:50.812Z",
			"user": 3,
			"content_type": 17,
			"object_id": "109",
			"object_repr": "╬Є 100000.00 фю 250000.00 RUB",
			"action_flag": 2,
			"change_message": "[{\"changed\": {\"fields\": [\"\\u0417\\u0430\\u0440\\u043f\\u043b\\u0430\\u0442\\u0430 \\u0434\\u043e\"]}}]"
		}
	},
	{
		"model": "admin.logentry",
		"pk": 156,
		"fields": {
			"action_time": "2024-06-02T18:42:01.065Z",
			"user": 3,
			"content_type": 17,
			"object_id": "109",
			"object_repr": "╬Є 100000.00 фю 250000.00 RUB",
			"action_flag": 2,
			"change_message": "[]"
		}
	},
	{
		"model": "admin.logentry",
		"pk": 157,
		"fields": {
			"action_time": "2024-06-02T18:44:14.084Z",
			"user": 3,
			"content_type": 23,
			"object_id": "31",
			"object_repr": "Backend ЁрчЁрсюЄўшъ",
			"action_flag": 1,
			"change_message": "[{\"added\": {}}]"
		}
	},
	{
		"model": "admin.logentry",
		"pk": 158,
		"fields": {
			"action_time": "2024-06-02T18:45:04.084Z",
			"user": 3,
			"content_type": 23,
			"object_id": "31",
			"object_repr": "Backend ЁрчЁрсюЄўшъ",
			"action_flag": 2,
			"change_message": "[]"
		}
	},
	{
		"model": "admin.logentry",
		"pk": 159,
		"fields": {
			"action_time": "2024-06-02T18:45:16.901Z",
			"user": 3,
			"content_type": 23,
			"object_id": "31",
			"object_repr": "Backend ЁрчЁрсюЄўшъ",
			"action_flag": 2,
			"change_message": "[{\"changed\": {\"fields\": [\"\\u041b\\u043e\\u043a\\u0430\\u0446\\u0438\\u044f\", \"\\u0422\\u0435\\u0433\\u0438 \\u0432\\u0430\\u043a\\u0430\\u043d\\u0441\\u0438\\u0438\"]}}]"
		}
	},
	{
		"model": "admin.logentry",
		"pk": 160,
		"fields": {
			"action_time": "2024-06-02T18:45:31.210Z",
			"user": 3,
			"content_type": 23,
			"object_id": "31",
			"object_repr": "Backend ЁрчЁрсюЄўшъ",
			"action_flag": 2,
			"change_message": "[]"
		}
	},
	{
		"model": "admin.logentry",
		"pk": 161,
		"fields": {
			"action_time": "2024-06-02T18:46:28.410Z",
			"user": 3,
			"content_type": 17,
			"object_id": "110",
			"object_repr": "╬Є 100000 фю 300000 RUB",
			"action_flag": 1,
			"change_message": "[{\"added\": {}}]"
		}
	},
	{
		"model": "admin.logentry",
		"pk": 162,
		"fields": {
			"action_time": "2024-06-02T18:46:32.345Z",
			"user": 3,
			"content_type": 23,
			"object_id": "32",
			"object_repr": "╠хэхфцхЁ SMM яЁюхъЄют / SMM manager / SMM ьхэхфцхЁ",
			"action_flag": 1,
			"change_message": "[{\"added\": {}}]"
		}
	},
	{
		"model": "admin.logentry",
		"pk": 163,
		"fields": {
			"action_time": "2024-06-02T18:59:17.168Z",
			"user": 3,
			"content_type": 23,
			"object_id": "31",
			"object_repr": "Backend ЁрчЁрсюЄўшъ",
			"action_flag": 2,
			"change_message": "[{\"changed\": {\"fields\": [\"\\u041e\\u043f\\u0438\\u0441\\u0430\\u043d\\u0438\\u0435 \\u0430\\u043a\\u0430\\u043d\\u0441\\u0438\\u0438\"]}}]"
		}
	},
	{
		"model": "admin.logentry",
		"pk": 164,
		"fields": {
			"action_time": "2024-06-03T05:25:08.116Z",
			"user": 3,
			"content_type": 17,
			"object_id": "129",
			"object_repr": "От None до None RUB",
			"action_flag": 1,
			"change_message": "[{\"added\": {}}]"
		}
	},
	{
		"model": "admin.logentry",
		"pk": 165,
		"fields": {
			"action_time": "2024-06-03T19:04:03.676Z",
			"user": 3,
			"content_type": 23,
			"object_id": "50",
			"object_repr": "┬рърэёш  from postman",
			"action_flag": 3,
			"change_message": ""
		}
	},
	{
		"model": "admin.logentry",
		"pk": 166,
		"fields": {
			"action_time": "2024-06-03T19:04:03.679Z",
			"user": 3,
			"content_type": 23,
			"object_id": "49",
			"object_repr": "┬рърэёш  from postman",
			"action_flag": 3,
			"change_message": ""
		}
	},
	{
		"model": "admin.logentry",
		"pk": 167,
		"fields": {
			"action_time": "2024-06-03T19:04:03.681Z",
			"user": 3,
			"content_type": 23,
			"object_id": "48",
			"object_repr": "┬рърэёш  from postman",
			"action_flag": 3,
			"change_message": ""
		}
	},
	{
		"model": "admin.logentry",
		"pk": 168,
		"fields": {
			"action_time": "2024-06-03T19:04:03.683Z",
			"user": 3,
			"content_type": 23,
			"object_id": "47",
			"object_repr": "┬рърэёш  from postman",
			"action_flag": 3,
			"change_message": ""
		}
	},
	{
		"model": "admin.logentry",
		"pk": 169,
		"fields": {
			"action_time": "2024-06-03T19:04:03.684Z",
			"user": 3,
			"content_type": 23,
			"object_id": "46",
			"object_repr": "┬рърэёш  from postman",
			"action_flag": 3,
			"change_message": ""
		}
	},
	{
		"model": "admin.logentry",
		"pk": 170,
		"fields": {
			"action_time": "2024-06-03T19:04:03.685Z",
			"user": 3,
			"content_type": 23,
			"object_id": "45",
			"object_repr": "┬рърэёш  from postman",
			"action_flag": 3,
			"change_message": ""
		}
	},
	{
		"model": "admin.logentry",
		"pk": 171,
		"fields": {
			"action_time": "2024-06-03T19:04:03.687Z",
			"user": 3,
			"content_type": 23,
			"object_id": "44",
			"object_repr": "┬рърэёш  from postman",
			"action_flag": 3,
			"change_message": ""
		}
	},
	{
		"model": "admin.logentry",
		"pk": 172,
		"fields": {
			"action_time": "2024-06-03T19:04:03.688Z",
			"user": 3,
			"content_type": 23,
			"object_id": "43",
			"object_repr": "┬рърэёш  from postman",
			"action_flag": 3,
			"change_message": ""
		}
	},
	{
		"model": "admin.logentry",
		"pk": 173,
		"fields": {
			"action_time": "2024-06-03T19:04:03.690Z",
			"user": 3,
			"content_type": 23,
			"object_id": "42",
			"object_repr": "┬рърэёш  from postman",
			"action_flag": 3,
			"change_message": ""
		}
	},
	{
		"model": "admin.logentry",
		"pk": 174,
		"fields": {
			"action_time": "2024-06-03T19:04:03.691Z",
			"user": 3,
			"content_type": 23,
			"object_id": "41",
			"object_repr": "┬рърэёш  from postman",
			"action_flag": 3,
			"change_message": ""
		}
	},
	{
		"model": "admin.logentry",
		"pk": 175,
		"fields": {
			"action_time": "2024-06-03T19:04:03.692Z",
			"user": 3,
			"content_type": 23,
			"object_id": "40",
			"object_repr": "┬рърэёш  from postman",
			"action_flag": 3,
			"change_message": ""
		}
	},
	{
		"model": "admin.logentry",
		"pk": 176,
		"fields": {
			"action_time": "2024-06-03T19:04:03.694Z",
			"user": 3,
			"content_type": 23,
			"object_id": "39",
			"object_repr": "┬рърэёш  from postman",
			"action_flag": 3,
			"change_message": ""
		}
	},
	{
		"model": "admin.logentry",
		"pk": 177,
		"fields": {
			"action_time": "2024-06-03T19:04:03.696Z",
			"user": 3,
			"content_type": 23,
			"object_id": "38",
			"object_repr": "┬рърэёш  from postman",
			"action_flag": 3,
			"change_message": ""
		}
	},
	{
		"model": "admin.logentry",
		"pk": 178,
		"fields": {
			"action_time": "2024-06-03T19:04:03.697Z",
			"user": 3,
			"content_type": 23,
			"object_id": "37",
			"object_repr": "┬рърэёш  from postman",
			"action_flag": 3,
			"change_message": ""
		}
	},
	{
		"model": "admin.logentry",
		"pk": 179,
		"fields": {
			"action_time": "2024-06-03T19:04:03.698Z",
			"user": 3,
			"content_type": 23,
			"object_id": "36",
			"object_repr": "┬рърэёш  from postman",
			"action_flag": 3,
			"change_message": ""
		}
	},
	{
		"model": "admin.logentry",
		"pk": 180,
		"fields": {
			"action_time": "2024-06-03T19:04:03.699Z",
			"user": 3,
			"content_type": 23,
			"object_id": "35",
			"object_repr": "┬рърэёш  from postman",
			"action_flag": 3,
			"change_message": ""
		}
	},
	{
		"model": "admin.logentry",
		"pk": 181,
		"fields": {
			"action_time": "2024-06-03T19:04:03.701Z",
			"user": 3,
			"content_type": 23,
			"object_id": "34",
			"object_repr": "┬рърэёш  from postman",
			"action_flag": 3,
			"change_message": ""
		}
	},
	{
		"model": "admin.logentry",
		"pk": 182,
		"fields": {
			"action_time": "2024-06-03T19:04:03.702Z",
			"user": 3,
			"content_type": 23,
			"object_id": "33",
			"object_repr": "┬рърэёш  from postman",
			"action_flag": 3,
			"change_message": ""
		}
	},
	{
		"model": "admin.logentry",
		"pk": 183,
		"fields": {
			"action_time": "2024-06-03T19:04:03.704Z",
			"user": 3,
			"content_type": 23,
			"object_id": "32",
			"object_repr": "╠хэхфцхЁ SMM яЁюхъЄют / SMM manager / SMM ьхэхфцхЁ",
			"action_flag": 3,
			"change_message": ""
		}
	},
	{
		"model": "admin.logentry",
		"pk": 184,
		"fields": {
			"action_time": "2024-06-03T19:04:03.705Z",
			"user": 3,
			"content_type": 23,
			"object_id": "31",
			"object_repr": "Backend ЁрчЁрсюЄўшъ",
			"action_flag": 3,
			"change_message": ""
		}
	},
	{
		"model": "admin.logentry",
		"pk": 185,
		"fields": {
			"action_time": "2024-06-03T19:12:25.460Z",
			"user": 3,
			"content_type": 23,
			"object_id": "66",
			"object_repr": "Вакансия from postman",
			"action_flag": 3,
			"change_message": ""
		}
	},
	{
		"model": "admin.logentry",
		"pk": 186,
		"fields": {
			"action_time": "2024-06-03T19:12:25.462Z",
			"user": 3,
			"content_type": 23,
			"object_id": "65",
			"object_repr": "Вакансия from postman",
			"action_flag": 3,
			"change_message": ""
		}
	},
	{
		"model": "admin.logentry",
		"pk": 187,
		"fields": {
			"action_time": "2024-06-03T19:12:25.474Z",
			"user": 3,
			"content_type": 23,
			"object_id": "64",
			"object_repr": "Вакансия from postman",
			"action_flag": 3,
			"change_message": ""
		}
	},
	{
		"model": "admin.logentry",
		"pk": 188,
		"fields": {
			"action_time": "2024-06-03T19:12:25.477Z",
			"user": 3,
			"content_type": 23,
			"object_id": "63",
			"object_repr": "Вакансия from postman",
			"action_flag": 3,
			"change_message": ""
		}
	},
	{
		"model": "admin.logentry",
		"pk": 189,
		"fields": {
			"action_time": "2024-06-03T19:12:25.479Z",
			"user": 3,
			"content_type": 23,
			"object_id": "62",
			"object_repr": "Вакансия from postman",
			"action_flag": 3,
			"change_message": ""
		}
	},
	{
		"model": "admin.logentry",
		"pk": 190,
		"fields": {
			"action_time": "2024-06-03T19:12:25.481Z",
			"user": 3,
			"content_type": 23,
			"object_id": "61",
			"object_repr": "Вакансия from postman",
			"action_flag": 3,
			"change_message": ""
		}
	},
	{
		"model": "admin.logentry",
		"pk": 191,
		"fields": {
			"action_time": "2024-06-03T19:12:25.486Z",
			"user": 3,
			"content_type": 23,
			"object_id": "60",
			"object_repr": "Вакансия from postman",
			"action_flag": 3,
			"change_message": ""
		}
	},
	{
		"model": "admin.logentry",
		"pk": 192,
		"fields": {
			"action_time": "2024-06-03T19:12:25.488Z",
			"user": 3,
			"content_type": 23,
			"object_id": "59",
			"object_repr": "Вакансия from postman",
			"action_flag": 3,
			"change_message": ""
		}
	},
	{
		"model": "admin.logentry",
		"pk": 193,
		"fields": {
			"action_time": "2024-06-03T19:12:25.496Z",
			"user": 3,
			"content_type": 23,
			"object_id": "58",
			"object_repr": "Вакансия from postman",
			"action_flag": 3,
			"change_message": ""
		}
	},
	{
		"model": "admin.logentry",
		"pk": 194,
		"fields": {
			"action_time": "2024-06-03T19:12:25.499Z",
			"user": 3,
			"content_type": 23,
			"object_id": "57",
			"object_repr": "Вакансия from postman",
			"action_flag": 3,
			"change_message": ""
		}
	},
	{
		"model": "admin.logentry",
		"pk": 195,
		"fields": {
			"action_time": "2024-06-03T19:12:25.500Z",
			"user": 3,
			"content_type": 23,
			"object_id": "56",
			"object_repr": "Вакансия from postman",
			"action_flag": 3,
			"change_message": ""
		}
	},
	{
		"model": "admin.logentry",
		"pk": 196,
		"fields": {
			"action_time": "2024-06-03T19:12:25.503Z",
			"user": 3,
			"content_type": 23,
			"object_id": "55",
			"object_repr": "Вакансия from postman",
			"action_flag": 3,
			"change_message": ""
		}
	},
	{
		"model": "admin.logentry",
		"pk": 197,
		"fields": {
			"action_time": "2024-06-03T19:12:25.507Z",
			"user": 3,
			"content_type": 23,
			"object_id": "54",
			"object_repr": "Вакансия from postman",
			"action_flag": 3,
			"change_message": ""
		}
	},
	{
		"model": "admin.logentry",
		"pk": 198,
		"fields": {
			"action_time": "2024-06-03T19:12:25.509Z",
			"user": 3,
			"content_type": 23,
			"object_id": "53",
			"object_repr": "Вакансия from postman",
			"action_flag": 3,
			"change_message": ""
		}
	},
	{
		"model": "admin.logentry",
		"pk": 199,
		"fields": {
			"action_time": "2024-06-03T19:12:25.512Z",
			"user": 3,
			"content_type": 23,
			"object_id": "52",
			"object_repr": "Вакансия from postman",
			"action_flag": 3,
			"change_message": ""
		}
	},
	{
		"model": "admin.logentry",
		"pk": 200,
		"fields": {
			"action_time": "2024-06-03T19:12:25.514Z",
			"user": 3,
			"content_type": 23,
			"object_id": "51",
			"object_repr": "Вакансия from postman",
			"action_flag": 3,
			"change_message": ""
		}
	},
	{
		"model": "admin.logentry",
		"pk": 201,
		"fields": {
			"action_time": "2024-06-03T19:12:49.372Z",
			"user": 3,
			"content_type": 20,
			"object_id": "8",
			"object_repr": "full",
			"action_flag": 3,
			"change_message": ""
		}
	},
	{
		"model": "admin.logentry",
		"pk": 202,
		"fields": {
			"action_time": "2024-06-03T19:12:49.374Z",
			"user": 3,
			"content_type": 20,
			"object_id": "9",
			"object_repr": "part",
			"action_flag": 3,
			"change_message": ""
		}
	},
	{
		"model": "admin.logentry",
		"pk": 203,
		"fields": {
			"action_time": "2024-06-03T19:12:49.377Z",
			"user": 3,
			"content_type": 20,
			"object_id": "12",
			"object_repr": "probation",
			"action_flag": 3,
			"change_message": ""
		}
	},
	{
		"model": "admin.logentry",
		"pk": 204,
		"fields": {
			"action_time": "2024-06-03T19:12:49.378Z",
			"user": 3,
			"content_type": 20,
			"object_id": "10",
			"object_repr": "project",
			"action_flag": 3,
			"change_message": ""
		}
	},
	{
		"model": "admin.logentry",
		"pk": 205,
		"fields": {
			"action_time": "2024-06-03T19:12:49.380Z",
			"user": 3,
			"content_type": 20,
			"object_id": "11",
			"object_repr": "volunteer",
			"action_flag": 3,
			"change_message": ""
		}
	},
	{
		"model": "admin.logentry",
		"pk": 206,
		"fields": {
			"action_time": "2024-06-03T19:12:56.341Z",
			"user": 3,
			"content_type": 17,
			"object_id": "145",
			"object_repr": "От 110000.00 до 200000.00 RUB",
			"action_flag": 3,
			"change_message": ""
		}
	},
	{
		"model": "admin.logentry",
		"pk": 207,
		"fields": {
			"action_time": "2024-06-03T19:12:56.344Z",
			"user": 3,
			"content_type": 17,
			"object_id": "144",
			"object_repr": "От 110000.00 до 200000.00 RUB",
			"action_flag": 3,
			"change_message": ""
		}
	},
	{
		"model": "admin.logentry",
		"pk": 208,
		"fields": {
			"action_time": "2024-06-03T19:12:56.346Z",
			"user": 3,
			"content_type": 17,
			"object_id": "143",
			"object_repr": "От 110000.00 до 200000.00 RUB",
			"action_flag": 3,
			"change_message": ""
		}
	},
	{
		"model": "admin.logentry",
		"pk": 209,
		"fields": {
			"action_time": "2024-06-03T19:12:56.348Z",
			"user": 3,
			"content_type": 17,
			"object_id": "142",
			"object_repr": "От 110000.00 до 200000.00 RUB",
			"action_flag": 3,
			"change_message": ""
		}
	},
	{
		"model": "admin.logentry",
		"pk": 210,
		"fields": {
			"action_time": "2024-06-03T19:12:56.349Z",
			"user": 3,
			"content_type": 17,
			"object_id": "141",
			"object_repr": "От 110000.00 до 200000.00 RUB",
			"action_flag": 3,
			"change_message": ""
		}
	},
	{
		"model": "admin.logentry",
		"pk": 211,
		"fields": {
			"action_time": "2024-06-03T19:12:56.351Z",
			"user": 3,
			"content_type": 17,
			"object_id": "140",
			"object_repr": "От 110000.00 до 200000.00 RUB",
			"action_flag": 3,
			"change_message": ""
		}
	},
	{
		"model": "admin.logentry",
		"pk": 212,
		"fields": {
			"action_time": "2024-06-03T19:12:56.352Z",
			"user": 3,
			"content_type": 17,
			"object_id": "139",
			"object_repr": "От 110000.00 до 200000.00 RUB",
			"action_flag": 3,
			"change_message": ""
		}
	},
	{
		"model": "admin.logentry",
		"pk": 213,
		"fields": {
			"action_time": "2024-06-03T19:12:56.354Z",
			"user": 3,
			"content_type": 17,
			"object_id": "138",
			"object_repr": "От 110000.00 до 200000.00 RUB",
			"action_flag": 3,
			"change_message": ""
		}
	},
	{
		"model": "admin.logentry",
		"pk": 214,
		"fields": {
			"action_time": "2024-06-03T19:12:56.356Z",
			"user": 3,
			"content_type": 17,
			"object_id": "137",
			"object_repr": "От 110000.00 до 200000.00 RUB",
			"action_flag": 3,
			"change_message": ""
		}
	},
	{
		"model": "admin.logentry",
		"pk": 215,
		"fields": {
			"action_time": "2024-06-03T19:12:56.358Z",
			"user": 3,
			"content_type": 17,
			"object_id": "136",
			"object_repr": "От 110000.00 до 200000.00 RUB",
			"action_flag": 3,
			"change_message": ""
		}
	},
	{
		"model": "admin.logentry",
		"pk": 216,
		"fields": {
			"action_time": "2024-06-03T19:12:56.359Z",
			"user": 3,
			"content_type": 17,
			"object_id": "135",
			"object_repr": "От 110000.00 до 200000.00 RUB",
			"action_flag": 3,
			"change_message": ""
		}
	},
	{
		"model": "admin.logentry",
		"pk": 217,
		"fields": {
			"action_time": "2024-06-03T19:12:56.360Z",
			"user": 3,
			"content_type": 17,
			"object_id": "134",
			"object_repr": "От 110000.00 до 200000.00 RUB",
			"action_flag": 3,
			"change_message": ""
		}
	},
	{
		"model": "admin.logentry",
		"pk": 218,
		"fields": {
			"action_time": "2024-06-03T19:12:56.362Z",
			"user": 3,
			"content_type": 17,
			"object_id": "133",
			"object_repr": "От 110000.00 до 200000.00 RUB",
			"action_flag": 3,
			"change_message": ""
		}
	},
	{
		"model": "admin.logentry",
		"pk": 219,
		"fields": {
			"action_time": "2024-06-03T19:12:56.364Z",
			"user": 3,
			"content_type": 17,
			"object_id": "132",
			"object_repr": "От 110000.00 до 200000.00 RUB",
			"action_flag": 3,
			"change_message": ""
		}
	},
	{
		"model": "admin.logentry",
		"pk": 220,
		"fields": {
			"action_time": "2024-06-03T19:12:56.365Z",
			"user": 3,
			"content_type": 17,
			"object_id": "131",
			"object_repr": "От 110000.00 до 200000.00 RUB",
			"action_flag": 3,
			"change_message": ""
		}
	},
	{
		"model": "admin.logentry",
		"pk": 221,
		"fields": {
			"action_time": "2024-06-03T19:12:56.367Z",
			"user": 3,
			"content_type": 17,
			"object_id": "130",
			"object_repr": "От 110000.00 до 200000.00 RUB",
			"action_flag": 3,
			"change_message": ""
		}
	},
	{
		"model": "admin.logentry",
		"pk": 222,
		"fields": {
			"action_time": "2024-06-03T19:12:56.368Z",
			"user": 3,
			"content_type": 17,
			"object_id": "129",
			"object_repr": "От None до None RUB",
			"action_flag": 3,
			"change_message": ""
		}
	},
	{
		"model": "admin.logentry",
		"pk": 223,
		"fields": {
			"action_time": "2024-06-03T19:12:56.369Z",
			"user": 3,
			"content_type": 17,
			"object_id": "128",
			"object_repr": "От 10000.00 до 1212121.00 RUB",
			"action_flag": 3,
			"change_message": ""
		}
	},
	{
		"model": "admin.logentry",
		"pk": 224,
		"fields": {
			"action_time": "2024-06-03T19:12:56.371Z",
			"user": 3,
			"content_type": 17,
			"object_id": "127",
			"object_repr": "От 10000.00 до 1212121.00 RUB",
			"action_flag": 3,
			"change_message": ""
		}
	},
	{
		"model": "admin.logentry",
		"pk": 225,
		"fields": {
			"action_time": "2024-06-03T19:12:56.373Z",
			"user": 3,
			"content_type": 17,
			"object_id": "126",
			"object_repr": "От 10000.00 до 1212121.00 RUB",
			"action_flag": 3,
			"change_message": ""
		}
	},
	{
		"model": "admin.logentry",
		"pk": 226,
		"fields": {
			"action_time": "2024-06-03T19:12:56.375Z",
			"user": 3,
			"content_type": 17,
			"object_id": "125",
			"object_repr": "От 10000.00 до 1212121.00 RUB",
			"action_flag": 3,
			"change_message": ""
		}
	},
	{
		"model": "admin.logentry",
		"pk": 227,
		"fields": {
			"action_time": "2024-06-03T19:12:56.376Z",
			"user": 3,
			"content_type": 17,
			"object_id": "124",
			"object_repr": "От 10000.00 до 1212121.00 RUB",
			"action_flag": 3,
			"change_message": ""
		}
	},
	{
		"model": "admin.logentry",
		"pk": 228,
		"fields": {
			"action_time": "2024-06-03T19:12:56.378Z",
			"user": 3,
			"content_type": 17,
			"object_id": "123",
			"object_repr": "От 10000.00 до 1212121.00 RUB",
			"action_flag": 3,
			"change_message": ""
		}
	},
	{
		"model": "admin.logentry",
		"pk": 229,
		"fields": {
			"action_time": "2024-06-03T19:12:56.379Z",
			"user": 3,
			"content_type": 17,
			"object_id": "122",
			"object_repr": "От 10000.00 до 1212121.00 RUB",
			"action_flag": 3,
			"change_message": ""
		}
	},
	{
		"model": "admin.logentry",
		"pk": 230,
		"fields": {
			"action_time": "2024-06-03T19:12:56.381Z",
			"user": 3,
			"content_type": 17,
			"object_id": "121",
			"object_repr": "От 10000.00 до 1212121.00 RUB",
			"action_flag": 3,
			"change_message": ""
		}
	},
	{
		"model": "admin.logentry",
		"pk": 231,
		"fields": {
			"action_time": "2024-06-03T19:12:56.383Z",
			"user": 3,
			"content_type": 17,
			"object_id": "120",
			"object_repr": "От 10000.00 до 1212121.00 RUB",
			"action_flag": 3,
			"change_message": ""
		}
	},
	{
		"model": "admin.logentry",
		"pk": 232,
		"fields": {
			"action_time": "2024-06-03T19:12:56.384Z",
			"user": 3,
			"content_type": 17,
			"object_id": "119",
			"object_repr": "От 10000.00 до 1212121.00 RUB",
			"action_flag": 3,
			"change_message": ""
		}
	},
	{
		"model": "admin.logentry",
		"pk": 233,
		"fields": {
			"action_time": "2024-06-03T19:12:56.385Z",
			"user": 3,
			"content_type": 17,
			"object_id": "118",
			"object_repr": "От 10000.00 до 1212121.00 RUB",
			"action_flag": 3,
			"change_message": ""
		}
	},
	{
		"model": "admin.logentry",
		"pk": 234,
		"fields": {
			"action_time": "2024-06-03T19:12:56.387Z",
			"user": 3,
			"content_type": 17,
			"object_id": "117",
			"object_repr": "От 10000.00 до 1212121.00 RUB",
			"action_flag": 3,
			"change_message": ""
		}
	},
	{
		"model": "admin.logentry",
		"pk": 235,
		"fields": {
			"action_time": "2024-06-03T19:12:56.388Z",
			"user": 3,
			"content_type": 17,
			"object_id": "116",
			"object_repr": "От 10000.00 до 1212121.00 RUB",
			"action_flag": 3,
			"change_message": ""
		}
	},
	{
		"model": "admin.logentry",
		"pk": 236,
		"fields": {
			"action_time": "2024-06-03T19:12:56.390Z",
			"user": 3,
			"content_type": 17,
			"object_id": "115",
			"object_repr": "От 10000.00 до 1212121.00 RUB",
			"action_flag": 3,
			"change_message": ""
		}
	},
	{
		"model": "admin.logentry",
		"pk": 237,
		"fields": {
			"action_time": "2024-06-03T19:12:56.391Z",
			"user": 3,
			"content_type": 17,
			"object_id": "114",
			"object_repr": "От 10000.00 до 1212121.00 RUB",
			"action_flag": 3,
			"change_message": ""
		}
	},
	{
		"model": "admin.logentry",
		"pk": 238,
		"fields": {
			"action_time": "2024-06-03T19:12:56.392Z",
			"user": 3,
			"content_type": 17,
			"object_id": "113",
			"object_repr": "От 10000.00 до 1212121.00 RUB",
			"action_flag": 3,
			"change_message": ""
		}
	},
	{
		"model": "admin.logentry",
		"pk": 239,
		"fields": {
			"action_time": "2024-06-03T19:12:56.395Z",
			"user": 3,
			"content_type": 17,
			"object_id": "112",
			"object_repr": "От 10000.00 до 1212121.00 RUB",
			"action_flag": 3,
			"change_message": ""
		}
	},
	{
		"model": "admin.logentry",
		"pk": 240,
		"fields": {
			"action_time": "2024-06-03T19:12:56.396Z",
			"user": 3,
			"content_type": 17,
			"object_id": "111",
			"object_repr": "От 10000.00 до 1212121.00 RUB",
			"action_flag": 3,
			"change_message": ""
		}
	},
	{
		"model": "admin.logentry",
		"pk": 241,
		"fields": {
			"action_time": "2024-06-03T19:12:56.398Z",
			"user": 3,
			"content_type": 17,
			"object_id": "110",
			"object_repr": "От 100000.00 до 300000.00 RUB",
			"action_flag": 3,
			"change_message": ""
		}
	},
	{
		"model": "admin.logentry",
		"pk": 242,
		"fields": {
			"action_time": "2024-06-03T19:12:56.399Z",
			"user": 3,
			"content_type": 17,
			"object_id": "109",
			"object_repr": "От 100000.00 до 250000.00 RUB",
			"action_flag": 3,
			"change_message": ""
		}
	},
	{
		"model": "admin.logentry",
		"pk": 243,
		"fields": {
			"action_time": "2024-06-03T19:13:57.299Z",
			"user": 3,
			"content_type": 14,
			"object_id": "2",
			"object_repr": "denissya",
			"action_flag": 2,
			"change_message": "[{\"changed\": {\"fields\": [\"\\u0418\\u043c\\u044f\", \"\\u0424\\u0430\\u043c\\u0438\\u043b\\u0438\\u044f\"]}}]"
		}
	},
	{
		"model": "admin.logentry",
		"pk": 244,
		"fields": {
			"action_time": "2024-06-03T19:14:07.997Z",
			"user": 3,
			"content_type": 14,
			"object_id": "1",
			"object_repr": "denisya",
			"action_flag": 2,
			"change_message": "[{\"changed\": {\"fields\": [\"\\u0418\\u043c\\u044f\", \"\\u0424\\u0430\\u043c\\u0438\\u043b\\u0438\\u044f\"]}}]"
		}
	},
	{
		"model": "auth.permission",
		"pk": 1,
		"fields": {
			"name": "Can add log entry",
			"content_type": 1,
			"codename": "add_logentry"
		}
	},
	{
		"model": "auth.permission",
		"pk": 2,
		"fields": {
			"name": "Can change log entry",
			"content_type": 1,
			"codename": "change_logentry"
		}
	},
	{
		"model": "auth.permission",
		"pk": 3,
		"fields": {
			"name": "Can delete log entry",
			"content_type": 1,
			"codename": "delete_logentry"
		}
	},
	{
		"model": "auth.permission",
		"pk": 4,
		"fields": {
			"name": "Can view log entry",
			"content_type": 1,
			"codename": "view_logentry"
		}
	},
	{
		"model": "auth.permission",
		"pk": 5,
		"fields": {
			"name": "Can add permission",
			"content_type": 2,
			"codename": "add_permission"
		}
	},
	{
		"model": "auth.permission",
		"pk": 6,
		"fields": {
			"name": "Can change permission",
			"content_type": 2,
			"codename": "change_permission"
		}
	},
	{
		"model": "auth.permission",
		"pk": 7,
		"fields": {
			"name": "Can delete permission",
			"content_type": 2,
			"codename": "delete_permission"
		}
	},
	{
		"model": "auth.permission",
		"pk": 8,
		"fields": {
			"name": "Can view permission",
			"content_type": 2,
			"codename": "view_permission"
		}
	},
	{
		"model": "auth.permission",
		"pk": 9,
		"fields": {
			"name": "Can add group",
			"content_type": 3,
			"codename": "add_group"
		}
	},
	{
		"model": "auth.permission",
		"pk": 10,
		"fields": {
			"name": "Can change group",
			"content_type": 3,
			"codename": "change_group"
		}
	},
	{
		"model": "auth.permission",
		"pk": 11,
		"fields": {
			"name": "Can delete group",
			"content_type": 3,
			"codename": "delete_group"
		}
	},
	{
		"model": "auth.permission",
		"pk": 12,
		"fields": {
			"name": "Can view group",
			"content_type": 3,
			"codename": "view_group"
		}
	},
	{
		"model": "auth.permission",
		"pk": 13,
		"fields": {
			"name": "Can add content type",
			"content_type": 4,
			"codename": "add_contenttype"
		}
	},
	{
		"model": "auth.permission",
		"pk": 14,
		"fields": {
			"name": "Can change content type",
			"content_type": 4,
			"codename": "change_contenttype"
		}
	},
	{
		"model": "auth.permission",
		"pk": 15,
		"fields": {
			"name": "Can delete content type",
			"content_type": 4,
			"codename": "delete_contenttype"
		}
	},
	{
		"model": "auth.permission",
		"pk": 16,
		"fields": {
			"name": "Can view content type",
			"content_type": 4,
			"codename": "view_contenttype"
		}
	},
	{
		"model": "auth.permission",
		"pk": 17,
		"fields": {
			"name": "Can add session",
			"content_type": 5,
			"codename": "add_session"
		}
	},
	{
		"model": "auth.permission",
		"pk": 18,
		"fields": {
			"name": "Can change session",
			"content_type": 5,
			"codename": "change_session"
		}
	},
	{
		"model": "auth.permission",
		"pk": 19,
		"fields": {
			"name": "Can delete session",
			"content_type": 5,
			"codename": "delete_session"
		}
	},
	{
		"model": "auth.permission",
		"pk": 20,
		"fields": {
			"name": "Can view session",
			"content_type": 5,
			"codename": "view_session"
		}
	},
	{
		"model": "auth.permission",
		"pk": 21,
		"fields": {
			"name": "Can add Token",
			"content_type": 6,
			"codename": "add_token"
		}
	},
	{
		"model": "auth.permission",
		"pk": 22,
		"fields": {
			"name": "Can change Token",
			"content_type": 6,
			"codename": "change_token"
		}
	},
	{
		"model": "auth.permission",
		"pk": 23,
		"fields": {
			"name": "Can delete Token",
			"content_type": 6,
			"codename": "delete_token"
		}
	},
	{
		"model": "auth.permission",
		"pk": 24,
		"fields": {
			"name": "Can view Token",
			"content_type": 6,
			"codename": "view_token"
		}
	},
	{
		"model": "auth.permission",
		"pk": 25,
		"fields": {
			"name": "Can add token",
			"content_type": 7,
			"codename": "add_tokenproxy"
		}
	},
	{
		"model": "auth.permission",
		"pk": 26,
		"fields": {
			"name": "Can change token",
			"content_type": 7,
			"codename": "change_tokenproxy"
		}
	},
	{
		"model": "auth.permission",
		"pk": 27,
		"fields": {
			"name": "Can delete token",
			"content_type": 7,
			"codename": "delete_tokenproxy"
		}
	},
	{
		"model": "auth.permission",
		"pk": 28,
		"fields": {
			"name": "Can view token",
			"content_type": 7,
			"codename": "view_tokenproxy"
		}
	},
	{
		"model": "auth.permission",
		"pk": 29,
		"fields": {
			"name": "Can add amount ingredient",
			"content_type": 8,
			"codename": "add_amountingredient"
		}
	},
	{
		"model": "auth.permission",
		"pk": 30,
		"fields": {
			"name": "Can change amount ingredient",
			"content_type": 8,
			"codename": "change_amountingredient"
		}
	},
	{
		"model": "auth.permission",
		"pk": 31,
		"fields": {
			"name": "Can delete amount ingredient",
			"content_type": 8,
			"codename": "delete_amountingredient"
		}
	},
	{
		"model": "auth.permission",
		"pk": 32,
		"fields": {
			"name": "Can view amount ingredient",
			"content_type": 8,
			"codename": "view_amountingredient"
		}
	},
	{
		"model": "auth.permission",
		"pk": 33,
		"fields": {
			"name": "Can add favorite recipe",
			"content_type": 9,
			"codename": "add_favoriterecipe"
		}
	},
	{
		"model": "auth.permission",
		"pk": 34,
		"fields": {
			"name": "Can change favorite recipe",
			"content_type": 9,
			"codename": "change_favoriterecipe"
		}
	},
	{
		"model": "auth.permission",
		"pk": 35,
		"fields": {
			"name": "Can delete favorite recipe",
			"content_type": 9,
			"codename": "delete_favoriterecipe"
		}
	},
	{
		"model": "auth.permission",
		"pk": 36,
		"fields": {
			"name": "Can view favorite recipe",
			"content_type": 9,
			"codename": "view_favoriterecipe"
		}
	},
	{
		"model": "auth.permission",
		"pk": 37,
		"fields": {
			"name": "Can add шэуЁхфшхэЄ",
			"content_type": 10,
			"codename": "add_ingredient"
		}
	},
	{
		"model": "auth.permission",
		"pk": 38,
		"fields": {
			"name": "Can change шэуЁхфшхэЄ",
			"content_type": 10,
			"codename": "change_ingredient"
		}
	},
	{
		"model": "auth.permission",
		"pk": 39,
		"fields": {
			"name": "Can delete шэуЁхфшхэЄ",
			"content_type": 10,
			"codename": "delete_ingredient"
		}
	},
	{
		"model": "auth.permission",
		"pk": 40,
		"fields": {
			"name": "Can view шэуЁхфшхэЄ",
			"content_type": 10,
			"codename": "view_ingredient"
		}
	},
	{
		"model": "auth.permission",
		"pk": 41,
		"fields": {
			"name": "Can add ЁхЎхяЄ",
			"content_type": 11,
			"codename": "add_recipe"
		}
	},
	{
		"model": "auth.permission",
		"pk": 42,
		"fields": {
			"name": "Can change ЁхЎхяЄ",
			"content_type": 11,
			"codename": "change_recipe"
		}
	},
	{
		"model": "auth.permission",
		"pk": 43,
		"fields": {
			"name": "Can delete ЁхЎхяЄ",
			"content_type": 11,
			"codename": "delete_recipe"
		}
	},
	{
		"model": "auth.permission",
		"pk": 44,
		"fields": {
			"name": "Can view ЁхЎхяЄ",
			"content_type": 11,
			"codename": "view_recipe"
		}
	},
	{
		"model": "auth.permission",
		"pk": 45,
		"fields": {
			"name": "Can add Єху",
			"content_type": 12,
			"codename": "add_tag"
		}
	},
	{
		"model": "auth.permission",
		"pk": 46,
		"fields": {
			"name": "Can change Єху",
			"content_type": 12,
			"codename": "change_tag"
		}
	},
	{
		"model": "auth.permission",
		"pk": 47,
		"fields": {
			"name": "Can delete Єху",
			"content_type": 12,
			"codename": "delete_tag"
		}
	},
	{
		"model": "auth.permission",
		"pk": 48,
		"fields": {
			"name": "Can view Єху",
			"content_type": 12,
			"codename": "view_tag"
		}
	},
	{
		"model": "auth.permission",
		"pk": 49,
		"fields": {
			"name": "Can add shopping cart",
			"content_type": 13,
			"codename": "add_shoppingcart"
		}
	},
	{
		"model": "auth.permission",
		"pk": 50,
		"fields": {
			"name": "Can change shopping cart",
			"content_type": 13,
			"codename": "change_shoppingcart"
		}
	},
	{
		"model": "auth.permission",
		"pk": 51,
		"fields": {
			"name": "Can delete shopping cart",
			"content_type": 13,
			"codename": "delete_shoppingcart"
		}
	},
	{
		"model": "auth.permission",
		"pk": 52,
		"fields": {
			"name": "Can view shopping cart",
			"content_type": 13,
			"codename": "view_shoppingcart"
		}
	},
	{
		"model": "auth.permission",
		"pk": 53,
		"fields": {
			"name": "Can add ╧юы№чютрЄхы№",
			"content_type": 14,
			"codename": "add_customuser"
		}
	},
	{
		"model": "auth.permission",
		"pk": 54,
		"fields": {
			"name": "Can change ╧юы№чютрЄхы№",
			"content_type": 14,
			"codename": "change_customuser"
		}
	},
	{
		"model": "auth.permission",
		"pk": 55,
		"fields": {
			"name": "Can delete ╧юы№чютрЄхы№",
			"content_type": 14,
			"codename": "delete_customuser"
		}
	},
	{
		"model": "auth.permission",
		"pk": 56,
		"fields": {
			"name": "Can view ╧юы№чютрЄхы№",
			"content_type": 14,
			"codename": "view_customuser"
		}
	},
	{
		"model": "auth.permission",
		"pk": 57,
		"fields": {
			"name": "Can add follow",
			"content_type": 15,
			"codename": "add_follow"
		}
	},
	{
		"model": "auth.permission",
		"pk": 58,
		"fields": {
			"name": "Can change follow",
			"content_type": 15,
			"codename": "change_follow"
		}
	},
	{
		"model": "auth.permission",
		"pk": 59,
		"fields": {
			"name": "Can delete follow",
			"content_type": 15,
			"codename": "delete_follow"
		}
	},
	{
		"model": "auth.permission",
		"pk": 60,
		"fields": {
			"name": "Can view follow",
			"content_type": 15,
			"codename": "view_follow"
		}
	},
	{
		"model": "auth.permission",
		"pk": 61,
		"fields": {
			"name": "Can add location",
			"content_type": 16,
			"codename": "add_location"
		}
	},
	{
		"model": "auth.permission",
		"pk": 62,
		"fields": {
			"name": "Can change location",
			"content_type": 16,
			"codename": "change_location"
		}
	},
	{
		"model": "auth.permission",
		"pk": 63,
		"fields": {
			"name": "Can delete location",
			"content_type": 16,
			"codename": "delete_location"
		}
	},
	{
		"model": "auth.permission",
		"pk": 64,
		"fields": {
			"name": "Can view location",
			"content_type": 16,
			"codename": "view_location"
		}
	},
	{
		"model": "auth.permission",
		"pk": 65,
		"fields": {
			"name": "Can add чрЁяырЄр",
			"content_type": 17,
			"codename": "add_salary"
		}
	},
	{
		"model": "auth.permission",
		"pk": 66,
		"fields": {
			"name": "Can change чрЁяырЄр",
			"content_type": 17,
			"codename": "change_salary"
		}
	},
	{
		"model": "auth.permission",
		"pk": 67,
		"fields": {
			"name": "Can delete чрЁяырЄр",
			"content_type": 17,
			"codename": "delete_salary"
		}
	},
	{
		"model": "auth.permission",
		"pk": 68,
		"fields": {
			"name": "Can view чрЁяырЄр",
			"content_type": 17,
			"codename": "view_salary"
		}
	},
	{
		"model": "auth.permission",
		"pk": 69,
		"fields": {
			"name": "Can add Єшя",
			"content_type": 18,
			"codename": "add_type"
		}
	},
	{
		"model": "auth.permission",
		"pk": 70,
		"fields": {
			"name": "Can change Єшя",
			"content_type": 18,
			"codename": "change_type"
		}
	},
	{
		"model": "auth.permission",
		"pk": 71,
		"fields": {
			"name": "Can delete Єшя",
			"content_type": 18,
			"codename": "delete_type"
		}
	},
	{
		"model": "auth.permission",
		"pk": 72,
		"fields": {
			"name": "Can view Єшя",
			"content_type": 18,
			"codename": "view_type"
		}
	},
	{
		"model": "auth.permission",
		"pk": 73,
		"fields": {
			"name": "Can add уЁрЇшъ ЁрсюЄ√",
			"content_type": 19,
			"codename": "add_schedule"
		}
	},
	{
		"model": "auth.permission",
		"pk": 74,
		"fields": {
			"name": "Can change уЁрЇшъ ЁрсюЄ√",
			"content_type": 19,
			"codename": "change_schedule"
		}
	},
	{
		"model": "auth.permission",
		"pk": 75,
		"fields": {
			"name": "Can delete уЁрЇшъ ЁрсюЄ√",
			"content_type": 19,
			"codename": "delete_schedule"
		}
	},
	{
		"model": "auth.permission",
		"pk": 76,
		"fields": {
			"name": "Can view уЁрЇшъ ЁрсюЄ√",
			"content_type": 19,
			"codename": "view_schedule"
		}
	},
	{
		"model": "auth.permission",
		"pk": 77,
		"fields": {
			"name": "Can add Єшя чрэ ЄюёЄш",
			"content_type": 20,
			"codename": "add_employment"
		}
	},
	{
		"model": "auth.permission",
		"pk": 78,
		"fields": {
			"name": "Can change Єшя чрэ ЄюёЄш",
			"content_type": 20,
			"codename": "change_employment"
		}
	},
	{
		"model": "auth.permission",
		"pk": 79,
		"fields": {
			"name": "Can delete Єшя чрэ ЄюёЄш",
			"content_type": 20,
			"codename": "delete_employment"
		}
	},
	{
		"model": "auth.permission",
		"pk": 80,
		"fields": {
			"name": "Can view Єшя чрэ ЄюёЄш",
			"content_type": 20,
			"codename": "view_employment"
		}
	},
	{
		"model": "auth.permission",
		"pk": 81,
		"fields": {
			"name": "Can add юя√Є ЁрсюЄ√",
			"content_type": 21,
			"codename": "add_experience"
		}
	},
	{
		"model": "auth.permission",
		"pk": 82,
		"fields": {
			"name": "Can change юя√Є ЁрсюЄ√",
			"content_type": 21,
			"codename": "change_experience"
		}
	},
	{
		"model": "auth.permission",
		"pk": 83,
		"fields": {
			"name": "Can delete юя√Є ЁрсюЄ√",
			"content_type": 21,
			"codename": "delete_experience"
		}
	},
	{
		"model": "auth.permission",
		"pk": 84,
		"fields": {
			"name": "Can view юя√Є ЁрсюЄ√",
			"content_type": 21,
			"codename": "view_experience"
		}
	},
	{
		"model": "auth.permission",
		"pk": 85,
		"fields": {
			"name": "Can add Єху",
			"content_type": 22,
			"codename": "add_tag"
		}
	},
	{
		"model": "auth.permission",
		"pk": 86,
		"fields": {
			"name": "Can change Єху",
			"content_type": 22,
			"codename": "change_tag"
		}
	},
	{
		"model": "auth.permission",
		"pk": 87,
		"fields": {
			"name": "Can delete Єху",
			"content_type": 22,
			"codename": "delete_tag"
		}
	},
	{
		"model": "auth.permission",
		"pk": 88,
		"fields": {
			"name": "Can view Єху",
			"content_type": 22,
			"codename": "view_tag"
		}
	},
	{
		"model": "auth.permission",
		"pk": 89,
		"fields": {
			"name": "Can add трърэёш ",
			"content_type": 23,
			"codename": "add_vacancy"
		}
	},
	{
		"model": "auth.permission",
		"pk": 90,
		"fields": {
			"name": "Can change трърэёш ",
			"content_type": 23,
			"codename": "change_vacancy"
		}
	},
	{
		"model": "auth.permission",
		"pk": 91,
		"fields": {
			"name": "Can delete трърэёш ",
			"content_type": 23,
			"codename": "delete_vacancy"
		}
	},
	{
		"model": "auth.permission",
		"pk": 92,
		"fields": {
			"name": "Can view трърэёш ",
			"content_type": 23,
			"codename": "view_vacancy"
		}
	},
	{
		"model": "auth.permission",
		"pk": 93,
		"fields": {
			"name": "Can add Єху",
			"content_type": 22,
			"codename": "add_vacanciestag"
		}
	},
	{
		"model": "auth.permission",
		"pk": 94,
		"fields": {
			"name": "Can change Єху",
			"content_type": 22,
			"codename": "change_vacanciestag"
		}
	},
	{
		"model": "auth.permission",
		"pk": 95,
		"fields": {
			"name": "Can delete Єху",
			"content_type": 22,
			"codename": "delete_vacanciestag"
		}
	},
	{
		"model": "auth.permission",
		"pk": 96,
		"fields": {
			"name": "Can view Єху",
			"content_type": 22,
			"codename": "view_vacanciestag"
		}
	},
	{
		"model": "contenttypes.contenttype",
		"pk": 1,
		"fields": {
			"app_label": "admin",
			"model": "logentry"
		}
	},
	{
		"model": "contenttypes.contenttype",
		"pk": 2,
		"fields": {
			"app_label": "auth",
			"model": "permission"
		}
	},
	{
		"model": "contenttypes.contenttype",
		"pk": 3,
		"fields": {
			"app_label": "auth",
			"model": "group"
		}
	},
	{
		"model": "contenttypes.contenttype",
		"pk": 4,
		"fields": {
			"app_label": "contenttypes",
			"model": "contenttype"
		}
	},
	{
		"model": "contenttypes.contenttype",
		"pk": 5,
		"fields": {
			"app_label": "sessions",
			"model": "session"
		}
	},
	{
		"model": "contenttypes.contenttype",
		"pk": 6,
		"fields": {
			"app_label": "authtoken",
			"model": "token"
		}
	},
	{
		"model": "contenttypes.contenttype",
		"pk": 7,
		"fields": {
			"app_label": "authtoken",
			"model": "tokenproxy"
		}
	},
	{
		"model": "contenttypes.contenttype",
		"pk": 8,
		"fields": {
			"app_label": "recipes",
			"model": "amountingredient"
		}
	},
	{
		"model": "contenttypes.contenttype",
		"pk": 9,
		"fields": {
			"app_label": "recipes",
			"model": "favoriterecipe"
		}
	},
	{
		"model": "contenttypes.contenttype",
		"pk": 10,
		"fields": {
			"app_label": "recipes",
			"model": "ingredient"
		}
	},
	{
		"model": "contenttypes.contenttype",
		"pk": 11,
		"fields": {
			"app_label": "recipes",
			"model": "recipe"
		}
	},
	{
		"model": "contenttypes.contenttype",
		"pk": 12,
		"fields": {
			"app_label": "recipes",
			"model": "tag"
		}
	},
	{
		"model": "contenttypes.contenttype",
		"pk": 13,
		"fields": {
			"app_label": "recipes",
			"model": "shoppingcart"
		}
	},
	{
		"model": "contenttypes.contenttype",
		"pk": 14,
		"fields": {
			"app_label": "users",
			"model": "customuser"
		}
	},
	{
		"model": "contenttypes.contenttype",
		"pk": 15,
		"fields": {
			"app_label": "users",
			"model": "follow"
		}
	},
	{
		"model": "contenttypes.contenttype",
		"pk": 16,
		"fields": {
			"app_label": "vacancies",
			"model": "location"
		}
	},
	{
		"model": "contenttypes.contenttype",
		"pk": 17,
		"fields": {
			"app_label": "vacancies",
			"model": "salary"
		}
	},
	{
		"model": "contenttypes.contenttype",
		"pk": 18,
		"fields": {
			"app_label": "vacancies",
			"model": "type"
		}
	},
	{
		"model": "contenttypes.contenttype",
		"pk": 19,
		"fields": {
			"app_label": "vacancies",
			"model": "schedule"
		}
	},
	{
		"model": "contenttypes.contenttype",
		"pk": 20,
		"fields": {
			"app_label": "vacancies",
			"model": "employment"
		}
	},
	{
		"model": "contenttypes.contenttype",
		"pk": 21,
		"fields": {
			"app_label": "vacancies",
			"model": "experience"
		}
	},
	{
		"model": "contenttypes.contenttype",
		"pk": 22,
		"fields": {
			"app_label": "vacancies",
			"model": "tag"
		}
	},
	{
		"model": "contenttypes.contenttype",
		"pk": 23,
		"fields": {
			"app_label": "vacancies",
			"model": "vacancy"
		}
	},
	{
		"model": "sessions.session",
		"pk": "5owjhfwq9suyoq9qlw3nodwnl5436rf5",
		"fields": {
			"session_data": ".eJxVjDsOwjAQBe_iGlkma2tjSnrOYO3HJgFkS_lUEXeHSCmgfTPzNpNoXYa0znlKo5qLAXP63ZjkmesO9EH13qy0ukwj212xB53trWl-XQ_372CgefjWRbED9b3XoFDOvnDsCpGC8xiFQ0GR2DEKsDpUCaHPjA4o9Bwignl_AAJQOHA:1sDiJe:zwX9BZZO3FqAqdVimHxdahklHrxLCwXoPo7RllOMduQ",
			"expire_date": "2024-06-16T10:19:54.063Z"
		}
	},
	{
		"model": "sessions.session",
		"pk": "cc8go6mz4dor57lz8ek3a9xpoewm06p9",
		"fields": {
			"session_data": ".eJxVjDsOwjAQBe_iGlkma2tjSnrOYO3HJgFkS_lUEXeHSCmgfTPzNpNoXYa0znlKo5qLAXP63ZjkmesO9EH13qy0ukwj212xB53trWl-XQ_372CgefjWRbED9b3XoFDOvnDsCpGC8xiFQ0GR2DEKsDpUCaHPjA4o9Bwignl_AAJQOHA:1sDiRz:-Rdnj75iULls6JYUevsrvtsFiyuHfpPGY-fvYXqiOck",
			"expire_date": "2024-06-16T10:28:31.851Z"
		}
	},
	{
		"model": "sessions.session",
		"pk": "ety7xfancw89ach03s7k2wpqwguvm5kp",
		"fields": {
			"session_data": ".eJxVjDsOwjAQBe_iGlkma2tjSnrOYO3HJgFkS_lUEXeHSCmgfTPzNpNoXYa0znlKo5qLAXP63ZjkmesO9EH13qy0ukwj212xB53trWl-XQ_372CgefjWRbED9b3XoFDOvnDsCpGC8xiFQ0GR2DEKsDpUCaHPjA4o9Bwignl_AAJQOHA:1s77WK:V9EGZMbL3ehMm53s7nRrKS9uj7qNifOU-PPmLUgimIU",
			"expire_date": "2024-05-29T05:49:44.378Z"
		}
	},
	{
		"model": "authtoken.token",
		"pk": "73e205e9564e65a5046bd8dd264ac50776363bc6",
		"fields": {
			"user": 3,
			"created": "2024-05-15T15:50:17.250Z"
		}
	},
	{
		"model": "authtoken.token",
		"pk": "9cf98f2eedeea6abda3af920127adcae5bdf066c",
		"fields": {
			"user": 1,
			"created": "2024-04-23T18:42:27.491Z"
		}
	},
	{
		"model": "authtoken.token",
		"pk": "a29938b7908588e8c67a1a97ca54390984632fc0",
		"fields": {
			"user": 2,
			"created": "2024-06-02T13:37:31.792Z"
		}
	},
	{
		"model": "users.customuser",
		"pk": 1,
		"fields": {
			"password": "pbkdf2_sha256$260000$btCs49rEB1uXv4p9pXgvId$vnfGY6yP9R+lolu3zzixA+ZpKEyntWclsONEbiaqyKI=",
			"last_login": "2024-04-23T18:48:54Z",
			"is_superuser": false,
			"username": "denisya",
			"is_staff": false,
			"is_active": true,
			"date_joined": "2024-04-23T18:31:14Z",
			"first_name": "Ягунов",
			"last_name": "Денис 2",
			"email": "denis@yandex.ru",
			"groups": [],
			"user_permissions": []
		}
	},
	{
		"model": "users.customuser",
		"pk": 2,
		"fields": {
			"password": "pbkdf2_sha256$260000$WrTID1hJFSIXLTjIGhp7Lx$oi3CZqgku0M7UiJ67nefVlkQgJsbva+ni9b4vb8WMNs=",
			"last_login": null,
			"is_superuser": false,
			"username": "denissya",
			"is_staff": false,
			"is_active": true,
			"date_joined": "2024-04-23T18:33:21Z",
			"first_name": "Ягунов",
			"last_name": "Денис",
			"email": "densis@yandex.ru",
			"groups": [],
			"user_permissions": []
		}
	},
	{
		"model": "users.customuser",
		"pk": 3,
		"fields": {
			"password": "pbkdf2_sha256$260000$2vMf4AXcv2ekDCxleuY9qv$B72sHdVkpsL6g0igy/6q8FR+7tpZfLDWrcT6Pm4MJWc=",
			"last_login": "2024-06-02T10:28:31.848Z",
			"is_superuser": true,
			"username": "admin",
			"is_staff": true,
			"is_active": true,
			"date_joined": "2024-05-15T05:48:53.971Z",
			"first_name": "",
			"last_name": "",
			"email": "admin@gmail.com",
			"groups": [],
			"user_permissions": []
		}
	},
	{
		"model": "vacancies.location",
		"pk": 17,
		"fields": {
			"name": "Москва"
		}
	},
	{
		"model": "vacancies.location",
		"pk": 18,
		"fields": {
			"name": "yerevan"
		}
	},
	{
		"model": "vacancies.location",
		"pk": 19,
		"fields": {
			"name": "spb"
		}
	},
	{
		"model": "vacancies.salary",
		"pk": 109,
		"fields": {
			"_from": "100000.00",
			"to": "250000.00",
			"currency": "RUB"
		}
	},
	{
		"model": "vacancies.salary",
		"pk": 110,
		"fields": {
			"_from": "100000.00",
			"to": "300000.00",
			"currency": "RUB"
		}
	},
	{
		"model": "vacancies.salary",
		"pk": 111,
		"fields": {
			"_from": "10000.00",
			"to": "1212121.00",
			"currency": "RUB"
		}
	},
	{
		"model": "vacancies.salary",
		"pk": 112,
		"fields": {
			"_from": "10000.00",
			"to": "1212121.00",
			"currency": "RUB"
		}
	},
	{
		"model": "vacancies.salary",
		"pk": 113,
		"fields": {
			"_from": "10000.00",
			"to": "1212121.00",
			"currency": "RUB"
		}
	},
	{
		"model": "vacancies.salary",
		"pk": 114,
		"fields": {
			"_from": "10000.00",
			"to": "1212121.00",
			"currency": "RUB"
		}
	},
	{
		"model": "vacancies.salary",
		"pk": 115,
		"fields": {
			"_from": "10000.00",
			"to": "1212121.00",
			"currency": "RUB"
		}
	},
	{
		"model": "vacancies.salary",
		"pk": 116,
		"fields": {
			"_from": "10000.00",
			"to": "1212121.00",
			"currency": "RUB"
		}
	},
	{
		"model": "vacancies.salary",
		"pk": 117,
		"fields": {
			"_from": "10000.00",
			"to": "1212121.00",
			"currency": "RUB"
		}
	},
	{
		"model": "vacancies.salary",
		"pk": 118,
		"fields": {
			"_from": "10000.00",
			"to": "1212121.00",
			"currency": "RUB"
		}
	},
	{
		"model": "vacancies.salary",
		"pk": 119,
		"fields": {
			"_from": "10000.00",
			"to": "1212121.00",
			"currency": "RUB"
		}
	},
	{
		"model": "vacancies.salary",
		"pk": 120,
		"fields": {
			"_from": "10000.00",
			"to": "1212121.00",
			"currency": "RUB"
		}
	},
	{
		"model": "vacancies.salary",
		"pk": 121,
		"fields": {
			"_from": "10000.00",
			"to": "1212121.00",
			"currency": "RUB"
		}
	},
	{
		"model": "vacancies.salary",
		"pk": 122,
		"fields": {
			"_from": "10000.00",
			"to": "1212121.00",
			"currency": "RUB"
		}
	},
	{
		"model": "vacancies.salary",
		"pk": 123,
		"fields": {
			"_from": "10000.00",
			"to": "1212121.00",
			"currency": "RUB"
		}
	},
	{
		"model": "vacancies.salary",
		"pk": 124,
		"fields": {
			"_from": "10000.00",
			"to": "1212121.00",
			"currency": "RUB"
		}
	},
	{
		"model": "vacancies.salary",
		"pk": 125,
		"fields": {
			"_from": "10000.00",
			"to": "1212121.00",
			"currency": "RUB"
		}
	},
	{
		"model": "vacancies.salary",
		"pk": 126,
		"fields": {
			"_from": "10000.00",
			"to": "1212121.00",
			"currency": "RUB"
		}
	},
	{
		"model": "vacancies.salary",
		"pk": 127,
		"fields": {
			"_from": "10000.00",
			"to": "1212121.00",
			"currency": "RUB"
		}
	},
	{
		"model": "vacancies.salary",
		"pk": 128,
		"fields": {
			"_from": "10000.00",
			"to": "1212121.00",
			"currency": "RUB"
		}
	},
	{
		"model": "vacancies.salary",
		"pk": 129,
		"fields": {
			"_from": null,
			"to": null,
			"currency": "RUB"
		}
	},
	{
		"model": "vacancies.salary",
		"pk": 130,
		"fields": {
			"_from": "110000.00",
			"to": "200000.00",
			"currency": "RUB"
		}
	},
	{
		"model": "vacancies.salary",
		"pk": 131,
		"fields": {
			"_from": "110000.00",
			"to": "200000.00",
			"currency": "RUB"
		}
	},
	{
		"model": "vacancies.salary",
		"pk": 132,
		"fields": {
			"_from": "110000.00",
			"to": "200000.00",
			"currency": "RUB"
		}
	},
	{
		"model": "vacancies.salary",
		"pk": 133,
		"fields": {
			"_from": "110000.00",
			"to": "200000.00",
			"currency": "RUB"
		}
	},
	{
		"model": "vacancies.salary",
		"pk": 134,
		"fields": {
			"_from": "110000.00",
			"to": "200000.00",
			"currency": "RUB"
		}
	},
	{
		"model": "vacancies.salary",
		"pk": 135,
		"fields": {
			"_from": "110000.00",
			"to": "200000.00",
			"currency": "RUB"
		}
	},
	{
		"model": "vacancies.salary",
		"pk": 136,
		"fields": {
			"_from": "110000.00",
			"to": "200000.00",
			"currency": "RUB"
		}
	},
	{
		"model": "vacancies.salary",
		"pk": 137,
		"fields": {
			"_from": "110000.00",
			"to": "200000.00",
			"currency": "RUB"
		}
	},
	{
		"model": "vacancies.salary",
		"pk": 138,
		"fields": {
			"_from": "110000.00",
			"to": "200000.00",
			"currency": "RUB"
		}
	},
	{
		"model": "vacancies.salary",
		"pk": 139,
		"fields": {
			"_from": "110000.00",
			"to": "200000.00",
			"currency": "RUB"
		}
	},
	{
		"model": "vacancies.salary",
		"pk": 140,
		"fields": {
			"_from": "110000.00",
			"to": "200000.00",
			"currency": "RUB"
		}
	},
	{
		"model": "vacancies.salary",
		"pk": 141,
		"fields": {
			"_from": "110000.00",
			"to": "200000.00",
			"currency": "RUB"
		}
	},
	{
		"model": "vacancies.salary",
		"pk": 142,
		"fields": {
			"_from": "110000.00",
			"to": "200000.00",
			"currency": "RUB"
		}
	},
	{
		"model": "vacancies.salary",
		"pk": 143,
		"fields": {
			"_from": "110000.00",
			"to": "200000.00",
			"currency": "RUB"
		}
	},
	{
		"model": "vacancies.salary",
		"pk": 144,
		"fields": {
			"_from": "110000.00",
			"to": "200000.00",
			"currency": "RUB"
		}
	},
	{
		"model": "vacancies.salary",
		"pk": 145,
		"fields": {
			"_from": "110000.00",
			"to": "200000.00",
			"currency": "RUB"
		}
	},
	{
		"model": "vacancies.type",
		"pk": 7,
		"fields": {
			"name": "open"
		}
	},
	{
		"model": "vacancies.type",
		"pk": 8,
		"fields": {
			"name": "closed"
		}
	},
	{
		"model": "vacancies.schedule",
		"pk": 18,
		"fields": {
			"name": "fullDay"
		}
	},
	{
		"model": "vacancies.schedule",
		"pk": 19,
		"fields": {
			"name": "shift"
		}
	},
	{
		"model": "vacancies.schedule",
		"pk": 20,
		"fields": {
			"name": "flexible"
		}
	},
	{
		"model": "vacancies.schedule",
		"pk": 21,
		"fields": {
			"name": "remote"
		}
	},
	{
		"model": "vacancies.schedule",
		"pk": 22,
		"fields": {
			"name": "flyInFlyOut"
		}
	},
	{
		"model": "vacancies.employment",
		"pk": 8,
		"fields": {
			"name": "full"
		}
	},
	{
		"model": "vacancies.employment",
		"pk": 9,
		"fields": {
			"name": "part"
		}
	},
	{
		"model": "vacancies.employment",
		"pk": 10,
		"fields": {
			"name": "project"
		}
	},
	{
		"model": "vacancies.employment",
		"pk": 11,
		"fields": {
			"name": "volunteer"
		}
	},
	{
		"model": "vacancies.employment",
		"pk": 12,
		"fields": {
			"name": "probation"
		}
	},
	{
		"model": "vacancies.experience",
		"pk": 7,
		"fields": {
			"name": "noExperience"
		}
	},
	{
		"model": "vacancies.experience",
		"pk": 8,
		"fields": {
			"name": "between1And3"
		}
	},
	{
		"model": "vacancies.experience",
		"pk": 9,
		"fields": {
			"name": "between3And6"
		}
	},
	{
		"model": "vacancies.experience",
		"pk": 10,
		"fields": {
			"name": "moreThan6"
		}
	},
	{
		"model": "vacancies.tag",
		"pk": 4,
		"fields": {
			"name": "dev"
		}
	},
	{
		"model": "vacancies.tag",
		"pk": 5,
		"fields": {
			"name": "anlt"
		}
	},
	{
		"model": "vacancies.vacancy",
		"pk": 51,
		"fields": {
			"name": "Software Engineer",
			"salary": 130,
			"type": 7,
			"published_at": "2024-06-03T19:04:31.952Z",
			"created_at": "2024-06-03T19:04:31.952Z",
			"archived": false,
			"url": "",
			"employer": 2,
			"schedule": 20,
			"employment": 8,
			"experience": 10,
			"description": "Plan, execute, and close projects to achieve specific goals.",
			"snippet": "1sdsa",
			"locations": [17, 18],
			"tags": [5, 4]
		}
	},
	{
		"model": "vacancies.vacancy",
		"pk": 52,
		"fields": {
			"name": "System Administrator",
			"salary": 131,
			"type": 7,
			"published_at": "2024-06-03T19:04:32.914Z",
			"created_at": "2024-06-03T19:04:32.914Z",
			"archived": false,
			"url": "",
			"employer": 2,
			"schedule": 20,
			"employment": 8,
			"experience": 10,
			"description": "Plan, execute, and close projects to achieve specific goals.",
			"snippet": "1sdsa",
			"locations": [17, 18],
			"tags": [5, 4]
		}
	},
	{
		"model": "vacancies.vacancy",
		"pk": 53,
		"fields": {
			"name": "UX/UI Designer",
			"salary": 132,
			"type": 7,
			"published_at": "2024-06-03T19:04:33.555Z",
			"created_at": "2024-06-03T19:04:33.555Z",
			"archived": false,
			"url": "",
			"employer": 2,
			"schedule": 20,
			"employment": 8,
			"experience": 10,
			"description": "Manage and automate deployment processes and infrastructure.",
			"snippet": "1sdsa",
			"locations": [17, 18],
			"tags": [5, 4]
		}
	},
	{
		"model": "vacancies.vacancy",
		"pk": 54,
		"fields": {
			"name": "Financial Analyst",
			"salary": 133,
			"type": 7,
			"published_at": "2024-06-03T19:04:34.140Z",
			"created_at": "2024-06-03T19:04:34.140Z",
			"archived": false,
			"url": "",
			"employer": 2,
			"schedule": 20,
			"employment": 8,
			"experience": 10,
			"description": "Manage and maintain IT systems and networks.",
			"snippet": "1sdsa",
			"locations": [17, 18],
			"tags": [5, 4]
		}
	},
	{
		"model": "vacancies.vacancy",
		"pk": 55,
		"fields": {
			"name": "HR Specialist",
			"salary": 134,
			"type": 7,
			"published_at": "2024-06-03T19:04:34.659Z",
			"created_at": "2024-06-03T19:04:34.659Z",
			"archived": false,
			"url": "",
			"employer": 2,
			"schedule": 20,
			"employment": 8,
			"experience": 10,
			"description": "Plan, execute, and close projects to achieve specific goals.",
			"snippet": "1sdsa",
			"locations": [17, 18],
			"tags": [5, 4]
		}
	},
	{
		"model": "vacancies.vacancy",
		"pk": 56,
		"fields": {
			"name": "Content Writer",
			"salary": 135,
			"type": 7,
			"published_at": "2024-06-03T19:04:35.103Z",
			"created_at": "2024-06-03T19:04:35.103Z",
			"archived": false,
			"url": "",
			"employer": 2,
			"schedule": 20,
			"employment": 8,
			"experience": 10,
			"description": "Manage product development from ideation to launch.",
			"snippet": "1sdsa",
			"locations": [17, 18],
			"tags": [5, 4]
		}
	},
	{
		"model": "vacancies.vacancy",
		"pk": 57,
		"fields": {
			"name": "Data Scientist",
			"salary": 136,
			"type": 7,
			"published_at": "2024-06-03T19:04:35.446Z",
			"created_at": "2024-06-03T19:04:35.446Z",
			"archived": false,
			"url": "",
			"employer": 2,
			"schedule": 20,
			"employment": 8,
			"experience": 10,
			"description": "Develop and maintain web applications using front-end and back-end technologies.",
			"snippet": "1sdsa",
			"locations": [17, 18],
			"tags": [5, 4]
		}
	},
	{
		"model": "vacancies.vacancy",
		"pk": 58,
		"fields": {
			"name": "DevOps Engineer",
			"salary": 137,
			"type": 7,
			"published_at": "2024-06-03T19:04:35.811Z",
			"created_at": "2024-06-03T19:04:35.811Z",
			"archived": false,
			"url": "",
			"employer": 2,
			"schedule": 20,
			"employment": 8,
			"experience": 10,
			"description": "Analyze data and provide insights to help make business decisions.",
			"snippet": "1sdsa",
			"locations": [17, 18],
			"tags": [5, 4]
		}
	},
	{
		"model": "vacancies.vacancy",
		"pk": 59,
		"fields": {
			"name": "Mobile Developer",
			"salary": 138,
			"type": 7,
			"published_at": "2024-06-03T19:04:36.179Z",
			"created_at": "2024-06-03T19:04:36.179Z",
			"archived": false,
			"url": "",
			"employer": 2,
			"schedule": 20,
			"employment": 8,
			"experience": 10,
			"description": "Develop and maintain web applications using front-end and back-end technologies.",
			"snippet": "1sdsa",
			"locations": [17, 18],
			"tags": [5, 4]
		}
	},
	{
		"model": "vacancies.vacancy",
		"pk": 60,
		"fields": {
			"name": "Project Manager",
			"salary": 139,
			"type": 7,
			"published_at": "2024-06-03T19:04:36.520Z",
			"created_at": "2024-06-03T19:04:36.520Z",
			"archived": false,
			"url": "",
			"employer": 2,
			"schedule": 20,
			"employment": 8,
			"experience": 10,
			"description": "Analyze business processes and recommend improvements.",
			"snippet": "1sdsa",
			"locations": [17, 18],
			"tags": [5, 4]
		}
	},
	{
		"model": "vacancies.vacancy",
		"pk": 61,
		"fields": {
			"name": "SEO Specialist",
			"salary": 140,
			"type": 7,
			"published_at": "2024-06-03T19:04:36.892Z",
			"created_at": "2024-06-03T19:04:36.892Z",
			"archived": false,
			"url": "",
			"employer": 2,
			"schedule": 20,
			"employment": 8,
			"experience": 10,
			"description": "Protect organization's information systems and data from cyber threats.",
			"snippet": "1sdsa",
			"locations": [17, 18],
			"tags": [5, 4]
		}
	},
	{
		"model": "vacancies.vacancy",
		"pk": 62,
		"fields": {
			"name": "Business Analyst",
			"salary": 141,
			"type": 7,
			"published_at": "2024-06-03T19:04:37.519Z",
			"created_at": "2024-06-03T19:04:37.519Z",
			"archived": false,
			"url": "",
			"employer": 2,
			"schedule": 20,
			"employment": 8,
			"experience": 10,
			"description": "Responsible for developing and maintaining software applications.",
			"snippet": "1sdsa",
			"locations": [17, 18],
			"tags": [5, 4]
		}
	},
	{
		"model": "vacancies.vacancy",
		"pk": 63,
		"fields": {
			"name": "IT Support Specialist",
			"salary": 142,
			"type": 7,
			"published_at": "2024-06-03T19:04:37.891Z",
			"created_at": "2024-06-03T19:04:37.891Z",
			"archived": false,
			"url": "",
			"employer": 2,
			"schedule": 20,
			"employment": 8,
			"experience": 10,
			"description": "Develop and maintain web applications using front-end and back-end technologies.",
			"snippet": "1sdsa",
			"locations": [17, 18],
			"tags": [5, 4]
		}
	},
	{
		"model": "vacancies.vacancy",
		"pk": 64,
		"fields": {
			"name": "Product Manager",
			"salary": 143,
			"type": 7,
			"published_at": "2024-06-03T19:04:38.300Z",
			"created_at": "2024-06-03T19:04:38.300Z",
			"archived": false,
			"url": "",
			"employer": 2,
			"schedule": 20,
			"employment": 8,
			"experience": 10,
			"description": "Analyze business processes and recommend improvements.",
			"snippet": "1sdsa",
			"locations": [17, 18],
			"tags": [5, 4]
		}
	},
	{
		"model": "vacancies.vacancy",
		"pk": 65,
		"fields": {
			"name": "Security Analyst",
			"salary": 144,
			"type": 7,
			"published_at": "2024-06-03T19:04:38.690Z",
			"created_at": "2024-06-03T19:04:38.690Z",
			"archived": false,
			"url": "",
			"employer": 2,
			"schedule": 20,
			"employment": 8,
			"experience": 10,
			"description": "Create engaging content for various platforms.",
			"snippet": "1sdsa",
			"locations": [17, 18],
			"tags": [5, 4]
		}
	},
	{
		"model": "vacancies.vacancy",
		"pk": 66,
		"fields": {
			"name": "Full Stack Developer",
			"salary": 145,
			"type": 7,
			"published_at": "2024-06-03T19:04:39.061Z",
			"created_at": "2024-06-03T19:04:39.061Z",
			"archived": false,
			"url": "",
			"employer": 2,
			"schedule": 20,
			"employment": 8,
			"experience": 10,
			"description": "Manage and maintain IT systems and networks.",
			"snippet": "1sdsa",
			"locations": [17, 18],
			"tags": [5, 4]
		}
	}
]
