[{"model": "sessions.session", "pk": "51xwtwl5lacn8letw9d87349bxopunwf", "fields": {"session_data": ".eJxVjEEOwiAQRe_C2pCB0hlw6d4zNMNAbdVAUtqV8e7apAvd_vfef6mBt3UatpaXYU7qrAyo0-8YWR657CTdudyqllrWZY56V_RBm77WlJ-Xw_07mLhN33ocCcAJQ-hTjz5ZFBIiF7yzI5rOsHQI0XdgbY8OI-ccTCCfDCBRVO8P5l427Q:1sIuoF:yiN6vaDdafTGhWreXfQXS_6F_O2rQ4CFFXZe2lMt7YM", "expire_date": "2024-06-30T18:40:59.771Z"}}, {"model": "sessions.session", "pk": "ety7xfancw89ach03s7k2wpqwguvm5kp", "fields": {"session_data": ".eJxVjDsOwjAQBe_iGlkma2tjSnrOYO3HJgFkS_lUEXeHSCmgfTPzNpNoXYa0znlKo5qLAXP63ZjkmesO9EH13qy0ukwj212xB53trWl-XQ_372CgefjWRbED9b3XoFDOvnDsCpGC8xiFQ0GR2DEKsDpUCaHPjA4o9Bwignl_AAJQOHA:1s77WK:V9EGZMbL3ehMm53s7nRrKS9uj7qNifOU-PPmLUgimIU", "expire_date": "2024-05-29T05:49:44.378Z"}}, {"model": "sessions.session", "pk": "fzg3g3p02p4ivrk5jf2pwn1qrpfr7cxh", "fields": {"session_data": ".eJxVjDsOwjAQBe_iGlm2_Nk1JT1nsHb9wQHkSHFSIe4OkVJA-2bmvUSkbW1xG2WJUxZnocXpd2NKj9J3kO_Ub7NMc1-XieWuyIMOeZ1zeV4O9--g0WjfulY0gZLxCpUmi56D16G6GpTzlIIFJIfggwagbBhQW9LWJ2ZkB0a8P8X5NwM:1sJbsC:IMoktxTm77kLjzVmAHia8931hKH6rZnMM_f9uYb00Eo", "expire_date": "2024-07-02T16:39:56.287Z"}}, {"model": "sessions.session", "pk": "ohs7f61syr87fv4a8zlfo9pucldf9m00", "fields": {"session_data": ".eJxVjEEOwiAQRe_C2pCB0hlw6d4zNMNAbdVAUtqV8e7apAvd_vfef6mBt3UatpaXYU7qrAyo0-8YWR657CTdudyqllrWZY56V_RBm77WlJ-Xw_07mLhN33ocCcAJQ-hTjz5ZFBIiF7yzI5rOsHQI0XdgbY8OI-ccTCCfDCBRVO8P5l427Q:1sIoxY:hwcDiRWlI_G7zOoOQbd9Lj-bQpfKPNy7VPhAxsfpMn4", "expire_date": "2024-06-30T12:26:12.958Z"}}, {"model": "authtoken.token", "pk": "34e11d21ab21d00c75d6a9073b71d78f6e71adca", "fields": {"user": 10, "created": "2024-06-10T17:50:03.374Z"}}, {"model": "authtoken.token", "pk": "7c6806bf66467ec9665c41b85782ae30703e04c9", "fields": {"user": 11, "created": "2024-06-10T18:25:15.177Z"}}, {"model": "authtoken.token", "pk": "82f4ea220912a8666ea16239782022bde2c0b837", "fields": {"user": 15, "created": "2024-06-17T05:41:23.192Z"}}, {"model": "authtoken.token", "pk": "e748843b9c1c41c4dbec06beaffadab76ab6043c", "fields": {"user": 12, "created": "2024-06-11T05:41:31.084Z"}}, {"model": "authtoken.token", "pk": "f20e3b5e1bc598985655bea386d572c99b7dded9", "fields": {"user": 14, "created": "2024-06-17T06:43:49.801Z"}}, {"model": "companies.location", "pk": 1, "fields": {"name": "msk"}}, {"model": "companies.location", "pk": 2, "fields": {"name": "yerevan"}}, {"model": "companies.location", "pk": 3, "fields": {"name": "spb"}}, {"model": "companies.sector", "pk": 1, "fields": {"name": "agency"}}, {"model": "companies.sector", "pk": 2, "fields": {"name": "public_sector"}}, {"model": "companies.sector", "pk": 3, "fields": {"name": "technologies"}}, {"model": "companies.sector", "pk": 4, "fields": {"name": "telecom"}}, {"model": "companies.sector", "pk": 5, "fields": {"name": "non-commercial"}}, {"model": "companies.link", "pk": 1, "fields": {"name": "https://www.youtube.com/watch?v=CpoBMdWFv2I"}}, {"model": "companies.link", "pk": 2, "fields": {"name": "http://www.youtube.com/watch?v=CpoBMdWFv2I"}}, {"model": "companies.link", "pk": 3, "fields": {"name": "https://t.me/maveteam"}}, {"model": "companies.link", "pk": 4, "fields": {"name": "https://vc.ru/u/643609-amma-pregnancy-tracker"}}, {"model": "companies.link", "pk": 5, "fields": {"name": "https://maam.family/"}}, {"model": "companies.employeesnumber", "pk": 1, "fields": {"name": "to15"}}, {"model": "companies.employeesnumber", "pk": 2, "fields": {"name": "from15to50"}}, {"model": "companies.employeesnumber", "pk": 3, "fields": {"name": "from50to100"}}, {"model": "companies.employeesnumber", "pk": 4, "fields": {"name": "from100to500"}}, {"model": "companies.employeesnumber", "pk": 5, "fields": {"name": "from500"}}, {"model": "companies.employeesnumber", "pk": 6, "fields": {"name": "from1000"}}, {"model": "companies.employeesnumber", "pk": 7, "fields": {"name": "from10000"}}, {"model": "companies.company", "pk": 1, "fields": {"name": "Рога и копыта", "owner": 10, "snippet": "Крупнейшая в СНГ подкаст-платформа и рекламная сеть для брендов. Мы помогаем тысячам авторам рассказывать свои истории и эти истории слушают миллионы людей во всему миру", "description": "Крупнейшая подкаст-платформа в СНГ, которая помогает тысячам авторов делиться своими историями и эти истории слушают миллионы людей по всему миру", "employees_number": 1, "technologies": "Наши технологии", "startup": true, "logo": "companies/logo/hqdefault.jpg", "profile_image": "companies/profile_image/scale_1200.png", "created_at": "2024-06-10T05:53:44.226Z", "sector": [3], "locations": [3], "links": [3, 1, 2]}}, {"model": "companies.company", "pk": 4, "fields": {"name": "Агентство Ар", "owner": 11, "snippet": "Агентство HR маркетинга. Мы помогаем компаниям строить бренд работодателя и влюблять кандидатов в себя. Наша экспертиза – это SMM, контент-маркетинг и спецпроекты.", "description": "Мы помогаем B2B-клиентам эффективно строить коммуникации для развития бренда работодателя. \r\n\r\nНапример,  мы уже больше года ведём карьерный SMM вместе с Альфа-Банком, а с Яндексом, Lamoda и QIWI прямо сейчас проводим кампанию по интеграции сотрудников в тематические подкасты.", "employees_number": 2, "technologies": "", "startup": false, "logo": "companies/logo/photo_2023-07-10_12.26.11.jpeg", "profile_image": "companies/profile_image/Снимок_экрана_2024-06-11_095621.png", "created_at": "2024-06-11T06:56:37.025Z", "sector": [1], "locations": [1, 2, 3], "links": []}}, {"model": "companies.company", "pk": 5, "fields": {"name": "maam family", "owner": 13, "snippet": "Мы - международная ИТ-компания. Мы создали мобильное приложение \"maam\", чтобы поддерживать будущих родителей в прекрасный и волнительный период жизни. У нас есть большая цель: сделать так, чтобы счастливых семей становилось больше.", "description": "Приложение переведено на 15 языков; наши пользователи в 193 странах мира.\r\nЕжемесячная активная аудитория составляет 2 млн, а за всю историю - более 25 млн.\r\nКоманда из 100 человек распределена по четырем континентам.\r\nНаш продукт входит в ТОП 4 категории \"материнство и детство\" в России и СНГ.\r\nСредние оценки в мировых сторах - 4,7-4,8 баллов из 5.\r\nИ мы не собираемся останавливаться!\r\n\r\nВнимание к каждому\r\n\r\nУ нас небольшая команда. Мы видим человека, слышим его и ценим. Ты никогда не останешься один на один со своими вопросами.\r\n\r\nПродуктовое мышление\r\n\r\nУ нас не говорят: «Я не знаю» или «Это невозможно». Есть задача – мы придумываем, как ее решить. И так делают все вне зависимости от роли в команде. Ты влияешь на то, какой будет amma.\r\n\r\nОткрытость новому\r\n\r\nМы уверены, что никто, кроме человека внутри процесса, не знает, как его улучшить, поэтому ребята постоянно исследуют и внедряют новые технологии и инструменты. Ты решаешь, как выстроить свою работу.\r\n\r\nОриентация на результат\r\n\r\nКаждый из нас самостоятельно оценивает задачи, дает сроки и делает все возможное и невозможное, чтобы сдержать свое слово и выдать качественный результат.", "employees_number": 4, "technologies": "", "startup": false, "logo": "companies/logo/maam.png", "profile_image": "companies/profile_image/Снимок_экрана_2024-06-11_130523.png", "created_at": "2024-06-11T10:05:51.479Z", "sector": [3], "locations": [1], "links": [5, 4]}}, {"model": "companies.company", "pk": 6, "fields": {"name": "Аквалар", "owner": 15, "snippet": null, "description": null, "employees_number": 1, "technologies": null, "startup": false, "logo": "", "profile_image": "", "created_at": "2024-06-17T05:49:56.917Z", "sector": [3], "locations": [1], "links": []}}, {"model": "users.customuser", "pk": 1, "fields": {"password": "pbkdf2_sha256$260000$IdNdNXf1JEowtqZ9j3fXTt$jTPaVXYvnE6Daa3bDPpw6rlZYPGmD8XuvRabMF52o4I=", "last_login": "2024-06-18T16:39:56.284Z", "is_superuser": true, "first_name": "", "last_name": null, "email": "denis@gmail.com", "phone": null, "date_joined": "2024-06-18T16:39:45.459Z", "is_active": true, "is_staff": true, "groups": [], "user_permissions": []}}, {"model": "users.customuser", "pk": 10, "fields": {"password": "pbkdf2_sha256$260000$h339mI2zijR27mcArhzWym$VDw2WyxpGD6xw4kchDqcCIpWORA/p1NVc5CUd3W2vtQ=", "last_login": "2024-06-16T18:40:59Z", "is_superuser": true, "first_name": "Денис", "last_name": "Ягунов", "email": "admin@gmail.com", "phone": "+79812782712", "date_joined": "2024-06-10T04:37:56.932Z", "is_active": true, "is_staff": true, "groups": [], "user_permissions": []}}, {"model": "users.customuser", "pk": 11, "fields": {"password": "pbkdf2_sha256$260000$a9KICB7T3ZISXWzk0ms0V5$/sZhCrxtNnQQ4irt+ERXsLHBQ2tiW/tkBp0CkYBVggU=", "last_login": "2024-06-17T05:23:05Z", "is_superuser": true, "first_name": "Артемий", "last_name": "Заборский", "email": "admin@gm.ru", "phone": null, "date_joined": "2024-06-10T04:45:40.837Z", "is_active": true, "is_staff": true, "groups": [], "user_permissions": []}}, {"model": "users.customuser", "pk": 12, "fields": {"password": "12y3127eghqwiueglqi", "last_login": "2024-06-11T05:40:58Z", "is_superuser": false, "first_name": "Вася", "last_name": "Куликов", "email": "kulic@gmail.com", "phone": null, "date_joined": "2024-06-11T05:41:25.472Z", "is_active": true, "is_staff": false, "groups": [], "user_permissions": []}}, {"model": "users.customuser", "pk": 13, "fields": {"password": "12y3127eghqwiueglqi", "last_login": "2024-06-17T05:09:26Z", "is_superuser": false, "first_name": "Василий", "last_name": "Андропов", "email": "andropov@gmail.com", "phone": null, "date_joined": "2024-06-17T05:10:19.768Z", "is_active": true, "is_staff": false, "groups": [], "user_permissions": []}}, {"model": "users.customuser", "pk": 14, "fields": {"password": "pbkdf2_sha256$260000$QzgucUeb0Du1QDCeBAZDuL$dWDUoXMNpx+inMyGVU2Vl0Mqia5dv6kp71GsJiV6Cx8=", "last_login": null, "is_superuser": false, "first_name": "Мария", "last_name": null, "email": "maria@yandex.ru", "phone": null, "date_joined": "2024-06-17T05:30:18.399Z", "is_active": true, "is_staff": false, "groups": [], "user_permissions": []}}, {"model": "users.customuser", "pk": 15, "fields": {"password": "pbkdf2_sha256$260000$6v6QIqn2zhA4kk1l4VqTM4$uf6junZxZIbKNBgZV7zCxntbbmNapkYPyw1TDl03B+s=", "last_login": "2024-06-17T05:41:23.196Z", "is_superuser": false, "first_name": "Данил", "last_name": null, "email": "danila@yandex.ru", "phone": "+79817822930", "date_joined": "2024-06-17T05:31:28.794Z", "is_active": true, "is_staff": false, "groups": [], "user_permissions": []}}, {"model": "vacancies.location", "pk": 17, "fields": {"name": "msk"}}, {"model": "vacancies.location", "pk": 18, "fields": {"name": "yerevan"}}, {"model": "vacancies.location", "pk": 19, "fields": {"name": "spb"}}, {"model": "vacancies.salary", "pk": 109, "fields": {"_from": "100000.00", "to": "250000.00", "currency": "RUR"}}, {"model": "vacancies.salary", "pk": 110, "fields": {"_from": "100000.00", "to": "300000.00", "currency": "RUR"}}, {"model": "vacancies.salary", "pk": 111, "fields": {"_from": "10000.00", "to": "1212121.00", "currency": "RUR"}}, {"model": "vacancies.salary", "pk": 112, "fields": {"_from": "10000.00", "to": "1212121.00", "currency": "RUR"}}, {"model": "vacancies.salary", "pk": 113, "fields": {"_from": "10000.00", "to": "1212121.00", "currency": "RUR"}}, {"model": "vacancies.salary", "pk": 114, "fields": {"_from": "10000.00", "to": "1212121.00", "currency": "RUR"}}, {"model": "vacancies.salary", "pk": 115, "fields": {"_from": "10000.00", "to": "1212121.00", "currency": "RUR"}}, {"model": "vacancies.salary", "pk": 116, "fields": {"_from": "10000.00", "to": "1212121.00", "currency": "RUR"}}, {"model": "vacancies.salary", "pk": 117, "fields": {"_from": "10000.00", "to": "1212121.00", "currency": "RUR"}}, {"model": "vacancies.salary", "pk": 118, "fields": {"_from": "10000.00", "to": "1212121.00", "currency": "RUR"}}, {"model": "vacancies.salary", "pk": 119, "fields": {"_from": "10000.00", "to": "1212121.00", "currency": "RUR"}}, {"model": "vacancies.salary", "pk": 120, "fields": {"_from": "10000.00", "to": "1212121.00", "currency": "RUR"}}, {"model": "vacancies.salary", "pk": 121, "fields": {"_from": "10000.00", "to": "1212121.00", "currency": "RUR"}}, {"model": "vacancies.salary", "pk": 122, "fields": {"_from": "10000.00", "to": "1212121.00", "currency": "RUR"}}, {"model": "vacancies.salary", "pk": 123, "fields": {"_from": "10000.00", "to": "1212121.00", "currency": "RUR"}}, {"model": "vacancies.salary", "pk": 124, "fields": {"_from": "10000.00", "to": "1212121.00", "currency": "RUR"}}, {"model": "vacancies.salary", "pk": 125, "fields": {"_from": "10000.00", "to": "1212121.00", "currency": "RUR"}}, {"model": "vacancies.salary", "pk": 126, "fields": {"_from": "10000.00", "to": "1212121.00", "currency": "RUR"}}, {"model": "vacancies.salary", "pk": 127, "fields": {"_from": "10000.00", "to": "1212121.00", "currency": "RUR"}}, {"model": "vacancies.salary", "pk": 128, "fields": {"_from": "10000.00", "to": "1212121.00", "currency": "RUR"}}, {"model": "vacancies.salary", "pk": 129, "fields": {"_from": null, "to": null, "currency": "RUR"}}, {"model": "vacancies.salary", "pk": 130, "fields": {"_from": "100.00", "to": "123413.00", "currency": "RUR"}}, {"model": "vacancies.salary", "pk": 131, "fields": {"_from": "100.00", "to": "123413.00", "currency": "RUR"}}, {"model": "vacancies.salary", "pk": 132, "fields": {"_from": "100.00", "to": "123413.00", "currency": "RUR"}}, {"model": "vacancies.salary", "pk": 133, "fields": {"_from": "100.00", "to": "123413.00", "currency": "RUR"}}, {"model": "vacancies.salary", "pk": 134, "fields": {"_from": "100.00", "to": "123413.00", "currency": "RUR"}}, {"model": "vacancies.salary", "pk": 135, "fields": {"_from": "100.00", "to": "123413.00", "currency": "RUR"}}, {"model": "vacancies.salary", "pk": 136, "fields": {"_from": "100.00", "to": "123413.00", "currency": "RUR"}}, {"model": "vacancies.salary", "pk": 137, "fields": {"_from": "100.00", "to": "123413.00", "currency": "RUR"}}, {"model": "vacancies.salary", "pk": 138, "fields": {"_from": "100.00", "to": "123413.00", "currency": "RUR"}}, {"model": "vacancies.salary", "pk": 139, "fields": {"_from": "100.00", "to": "123413.00", "currency": "RUR"}}, {"model": "vacancies.salary", "pk": 140, "fields": {"_from": "100.00", "to": "123413.00", "currency": "RUR"}}, {"model": "vacancies.salary", "pk": 141, "fields": {"_from": "100.00", "to": "123413.00", "currency": "RUR"}}, {"model": "vacancies.salary", "pk": 142, "fields": {"_from": "100.00", "to": "123413.00", "currency": "RUR"}}, {"model": "vacancies.salary", "pk": 143, "fields": {"_from": "100.00", "to": "123413.00", "currency": "RUR"}}, {"model": "vacancies.salary", "pk": 144, "fields": {"_from": "100.00", "to": "123413.00", "currency": "RUR"}}, {"model": "vacancies.salary", "pk": 145, "fields": {"_from": "100.00", "to": "123413.00", "currency": "RUR"}}, {"model": "vacancies.salary", "pk": 146, "fields": {"_from": "100.00", "to": "123413.00", "currency": "RUR"}}, {"model": "vacancies.salary", "pk": 147, "fields": {"_from": "100.00", "to": "123413.00", "currency": "RUR"}}, {"model": "vacancies.salary", "pk": 148, "fields": {"_from": "100.00", "to": "123413.00", "currency": "RUR"}}, {"model": "vacancies.salary", "pk": 149, "fields": {"_from": "100.00", "to": "123413.00", "currency": "RUR"}}, {"model": "vacancies.salary", "pk": 150, "fields": {"_from": "100.00", "to": "123413.00", "currency": "RUR"}}, {"model": "vacancies.salary", "pk": 151, "fields": {"_from": "100.00", "to": "123413.00", "currency": "RUR"}}, {"model": "vacancies.salary", "pk": 152, "fields": {"_from": "100.00", "to": "123413.00", "currency": "RUR"}}, {"model": "vacancies.salary", "pk": 153, "fields": {"_from": "100.00", "to": "123413.00", "currency": "RUR"}}, {"model": "vacancies.salary", "pk": 154, "fields": {"_from": "100.00", "to": "123413.00", "currency": "RUR"}}, {"model": "vacancies.salary", "pk": 155, "fields": {"_from": "100.00", "to": "123413.00", "currency": "RUR"}}, {"model": "vacancies.salary", "pk": 156, "fields": {"_from": "100.00", "to": "123413.00", "currency": "RUR"}}, {"model": "vacancies.salary", "pk": 157, "fields": {"_from": "100.00", "to": "123413.00", "currency": "RUR"}}, {"model": "vacancies.salary", "pk": 158, "fields": {"_from": "100.00", "to": "123413.00", "currency": "RUR"}}, {"model": "vacancies.salary", "pk": 159, "fields": {"_from": "100.00", "to": "123413.00", "currency": "RUR"}}, {"model": "vacancies.salary", "pk": 160, "fields": {"_from": "220000.00", "to": "300000.00", "currency": "RUR"}}, {"model": "vacancies.salary", "pk": 161, "fields": {"_from": "300000.00", "to": null, "currency": "RUR"}}, {"model": "vacancies.salary", "pk": 162, "fields": {"_from": "49000.00", "to": null, "currency": "RUR"}}, {"model": "vacancies.salary", "pk": 163, "fields": {"_from": "50000.00", "to": "80000.00", "currency": "RUR"}}, {"model": "vacancies.salary", "pk": 164, "fields": {"_from": "80000.00", "to": "200000.00", "currency": "RUR"}}, {"model": "vacancies.salary", "pk": 165, "fields": {"_from": "60000.00", "to": null, "currency": "RUR"}}, {"model": "vacancies.salary", "pk": 166, "fields": {"_from": "60000.00", "to": "100000.00", "currency": "RUR"}}, {"model": "vacancies.salary", "pk": 167, "fields": {"_from": "60000.00", "to": "100000.00", "currency": "RUR"}}, {"model": "vacancies.salary", "pk": 168, "fields": {"_from": "70000.00", "to": "100000.00", "currency": "RUR"}}, {"model": "vacancies.type", "pk": 7, "fields": {"name": "open"}}, {"model": "vacancies.type", "pk": 8, "fields": {"name": "closed"}}, {"model": "vacancies.schedule", "pk": 18, "fields": {"name": "fullDay"}}, {"model": "vacancies.schedule", "pk": 19, "fields": {"name": "shift"}}, {"model": "vacancies.schedule", "pk": 20, "fields": {"name": "flexible"}}, {"model": "vacancies.schedule", "pk": 21, "fields": {"name": "remote"}}, {"model": "vacancies.schedule", "pk": 22, "fields": {"name": "flyInFlyOut"}}, {"model": "vacancies.employment", "pk": 8, "fields": {"name": "full"}}, {"model": "vacancies.employment", "pk": 9, "fields": {"name": "part"}}, {"model": "vacancies.employment", "pk": 10, "fields": {"name": "project"}}, {"model": "vacancies.employment", "pk": 11, "fields": {"name": "volunteer"}}, {"model": "vacancies.employment", "pk": 12, "fields": {"name": "probation"}}, {"model": "vacancies.experience", "pk": 7, "fields": {"name": "noExperience"}}, {"model": "vacancies.experience", "pk": 8, "fields": {"name": "between1And3"}}, {"model": "vacancies.experience", "pk": 9, "fields": {"name": "between3And6"}}, {"model": "vacancies.experience", "pk": 10, "fields": {"name": "moreThan6"}}, {"model": "vacancies.tag", "pk": 4, "fields": {"name": "dev"}}, {"model": "vacancies.tag", "pk": 5, "fields": {"name": "anlt"}}, {"model": "vacancies.vacancy", "pk": 69, "fields": {"name": "Backend разработчик", "salary": 115, "type": 7, "published_at": "2024-06-11T04:51:46.474Z", "created_at": "2024-06-11T04:51:46.474Z", "archived": false, "url": "https://www.youtube.com/watch?v=y0of45h_0SE", "employer": 1, "schedule": 21, "employment": 8, "experience": 8, "description": "Лучшая вакансия на свете", "snippet": "Лучшая вакансия на свете кратко", "locations": [17, 19], "tags": [4]}}, {"model": "vacancies.vacancy", "pk": 80, "fields": {"name": "Junior разработчик 1С (УХ)", "salary": null, "type": null, "published_at": "2024-06-11T10:11:01.367Z", "created_at": "2024-06-11T10:11:01.367Z", "archived": false, "url": null, "employer": 4, "schedule": 18, "employment": 8, "experience": 8, "description": "Чем вам предстоит заниматься:\r\n\r\nРазработкой в конфигурации 1С УХ;\r\nРазработкой и оптимизацией программного кода и запросов;\r\nРазработкой интеграций с внутренними и внешними системами ;\r\nУчастие в проекте развития УХ в качестве разработчика;\r\nУчастие в автоматизации процесса разработки\r\n\r\nМы ожидаем:\r\nНаличие опыта коммерческой работы от 1 года с 1С УХ;\r\nОпыт разработки в 1С на управляемых формах от 1 года;\r\nОпыт работы с различными блоками финансовых систем - казначейство, МСФО, БУиНУ, Документооборот и т.п.;\r\nОпыт работы с XML (XSD), JSON, OpenAPI, Web сервисы, HTTP сервисы, RMQ/Kafka - как преимущество;\r\nОпыт работы в крупных компаниях;\r\n\r\nБудет плюсом:\r\nСертификаты 1С;\r\nОпыт работы с высоконагруженными системами;\r\nОпыт работы с большим количеством интеграций.\r\nПочему с нами хорошо:\r\n\r\nЗаботимся:\r\nДМС со стоматологией и страхование жизни с первого месяца\r\nСкидка на каталог Lamoda до 40%\r\nПрограмма привилегий и скидок от BestBenefits\r\nБесплатные консультации юристов\r\nВрач в офисе каждый рабочий день\r\nДополнительные выходные в случае важных событий\r\nЯркие мероприятия и много неформального общения\r\nКоворкинг в Санкт-Петербурге, если хочется сменить обстановку\r\n\r\nРазвиваем:\r\nОпытный наставник для каждого новичка\r\nОбучение и участие во внешних конференциях\r\nРазговорный английский клуб и онлайн-библиотека MyBook\r\nПомогаем развивать личный бренд, выступать и писать статьи\r\nPerformance Review дважды в год, чтобы развиваться системно\r\nПроводим митапы и demo-дни для обмена знаниями\r\nПогружаем в fashion и каждый сезон знакомим с модными трендами", "snippet": "Чем вам предстоит заниматься:\r\n\r\nРазработкой в конфигурации 1С УХ;\r\nРазработкой и оптимизацией программного кода и запросов;\r\nРазработкой интеграций с внутренними и внешними системами ;\r\nУчастие в проекте развития УХ в качестве разработчика;\r\nУчастие в автоматизации процесса разработки", "locations": [17], "tags": [4]}}, {"model": "vacancies.vacancy", "pk": 81, "fields": {"name": "Frontend developer", "salary": 160, "type": 7, "published_at": "2024-06-11T10:14:00.693Z", "created_at": "2024-06-11T10:14:00.693Z", "archived": false, "url": null, "employer": 1, "schedule": 21, "employment": 8, "experience": 8, "description": "Ожидания от кандидата:\r\n- Верстал pixel perfect на Реакте не менее 1 года, база TS\r\n- Работал с JAMStack, опыт с NextJS/TailwindCSS\r\n- Прикрутить форму для тебя не проблема\r\n- Понимаешь, когда стоит почекать работу в других браузерах\r\n- Знаешь, как сделать Lighthouse score зеленым\r\n- Ты педантичен и внимателен\r\n- Не проходишь мимо того, что плохо лежит\r\n- Не повторяешь ошибки дважды\r\n- Знаешь английский на уровне понимания прочитанного\r\n- Предпочитаешь получать цель, а не четкие инструкции\r\n\r\nЧто нужно делать:\r\n- Верстать\r\n- Верстать\r\n- Верстать\r\n- Оптимизация, бизнес интеграции, работа с анимациями\r\n- Прямо участие в развитии компании (доки, процессы).\r\n\r\nУсловия работы\r\n- Прайм тайм команды 10-17 CET, пересечение не менее 80% графика. \r\n- Полная удаленка\r\n- Пул отпускных и больничных без бюрократии\r\n- 12 зарплат / 2 перформанс бонуса в год (%50-%150 каждый)\r\n- Соц выплаты\r\n- Вертикальный рост\r\n- От $2200/mo, эвалюация по результатам прохождения триалки", "snippet": "Мы креативное веб-агентство! Мы делаем топовый брендинг и маркетинговые сайты для западных клиентов в DevOps/ItOps/FinTech. У нас сильная команда, куча крутых проектов и уверенный рост. Ищем еще одного опытного фронтендера, который любит верстать!", "locations": [17], "tags": [4]}}, {"model": "vacancies.vacancy", "pk": 82, "fields": {"name": "DevOps-инженер junior", "salary": null, "type": 7, "published_at": "2024-06-11T10:16:34.025Z", "created_at": "2024-06-11T10:16:34.025Z", "archived": false, "url": null, "employer": 5, "schedule": 18, "employment": 8, "experience": 7, "description": "Наши ожидания от кандидата: \r\n- Знание и настройка баз данных mssql; - Базовые знания процесса разработки приложений; - Знание git (github); - Опыт администрирования сервисов windows;- Умение работать в команде, ответственность;\r\n\r\nБудет плюсом, если ты:\r\n- работал с k8s;- знаешь про Teamcity, selectel cloud, elasticsearch; - имеешь опыт написания технической документации;\r\n\r\nУсловия:\r\n- Работа в небольшой современной компании, где согласование любых решений требует минимума времени;\r\n- Помощь коллег и руководителей в самом начале - поможем, расскажем, научим; - Приятный коллектив, позитивная атмосфера, мягкие пуфики, корпоративные мероприятия регулярно; - 5-дневная рабочая неделя с комфортным графиком работы; - Оформление ДМС (со стоматологией) после испытательного срока (3 мес.);- Уютный и просторный офис с панорамным видом в районе \"Фирма Мир\"; - Обеденная зона, чай, кофе, печеньки.", "snippet": "- Поддержка CI/CD пайплайна;\r\n- Настройка серверного и сетевого оборудования;\r\n- Удаленное администрирование рабочих станций и windows серверов;\r\n\r\nСтек, с которым предстоит работать: selectel cloud, elasticsearch, teamcity, mssql, github, google cloud, iis", "locations": [19], "tags": [4]}}, {"model": "vacancies.vacancy", "pk": 83, "fields": {"name": "QA-инженер в команду New Cars", "salary": 161, "type": 7, "published_at": "2024-06-11T10:17:59.449Z", "created_at": "2024-06-11T10:17:59.449Z", "archived": false, "url": null, "employer": 4, "schedule": 21, "employment": 8, "experience": 9, "description": "Примеры будущих задач:\r\nсопровождение запуска АБ теста и последующего релиза\r\nнастройка новых quality gate'ов\r\nорганизация процесса кросскомандного тестирования\r\n\r\nВам предстоит:\r\nПоддержка и автоматизация регрессионных сценариев для больших задач рефакторинга (специфика платформенной команды);\r\nРазработка единого подхода к инфраструктуре автоматических тестов;\r\nРазработка стратегии тестирования общей для всех команд юнита;\r\nРабота с QA инженерами из других команд для улучшения подходов к тестированию;\r\nРазвитие метрик качества и системы мониторинга.\r\n\r\nМы ждём, что вы:\r\nимеете опыт поддержки и разработки инфраструктуры автоматизированного тестирования;\r\nимеете опыт организации процесса тестирования;\r\nзнакомы с предметной областью тестирования, понимаете пирамиду тестирования;\r\nуверенно пишете код на одном из языков: PHP, Go, JS, TS;\r\nумеете работать в Unix/Linux, знаете Git.\r\n\r\nБудет здорово, если вы:\r\nесть опыт написания интеграционных/е2е тестов\r\nесть опыт погружения в бизнес составляющую разрабатываемого продукта\r\nесть компетенции в области тестирования (пирамида тестирования, виды тестирования и их применимость, разработка тестовой модели с нуля и оценка ее полноты)\r\nтребовательность к качеству систем\r\nесть базовое представление об Agile и его ценностях.\r\n\r\nРабота у нас — это:\r\nвозможность реализовать свои идеи в проекте с многомиллионной аудиторией;\r\nталантливая команда, готовая поддержать ваши инициативы;\r\nмощное железо, дополнительные мониторы и всё, что нужно для продуктивной работы;\r\nпрозрачная система премий, достойная зарплата — размер обсудим на собеседовании;\r\nличный бюджет на обучение, который можно тратить на книги, курсы и конференции;\r\nзабота о здоровье: с первого дня у вас будет ДМС со стоматологией, в офисе принимают терапевт и массажист;\r\nудалёнка и замечательный офис в двух минутах от метро «Белорусская»: панорамный вид на центр города, места для уединённой работы и зоны отдыха. Есть полная удаленка.", "snippet": "Команда занимается разработкой функционала для продажи новых автомобилей на Авито. Направление совсем новое: обещаем большой объем задач для тестирования и проверки гипотез. Есть шанс сделать большой продуктовый импакт на пользователей, причем как частников, так и профессионалов.", "locations": [17], "tags": [4]}}, {"model": "vacancies.vacancy", "pk": 84, "fields": {"name": "Product Manager (Cyber)", "salary": null, "type": 7, "published_at": "2024-06-11T10:23:58.328Z", "created_at": "2024-06-11T10:23:58.328Z", "archived": false, "url": null, "employer": 1, "schedule": null, "employment": null, "experience": null, "description": "«Делаем спорт лучше» — самое точное определение нашей базовой установки, которое неизменно уже 25 лет. Мы делаем спорт доступнее, понятнее и интереснее через создание качественного контента и через его дистрибуцию на все возможные платформы.\r\n\r\nSports — не просто новостной сайт о спорте. Это главное медиа о спорте на русском языке с многомиллионной аудиторией, позволяющее пользователям читать тексты, блоги и новости, следить за матчами и участвовать в жизни сообщества.\r\n\r\nЧТО НАДО БУДЕТ ДЕЛАТЬ\r\n\r\nКибер на Спортсе (https://cyber.sports.ru/) – это медиа про киберспорт, игры, фильмы и стримы, которое делают игроки для игроков. Мы сами играем в те игры, про которые пишем, смотрим матчи и сериалы, про которые рассказываем. Наш сайт на постоянной основе посещает более 5 млн уникальных пользователей в месяц.\r\n\r\nКибер меняется: мы обновляем сайт, проектируем новое приложение, растим комьюнити и улучшаем опыт пишущих у нас пользователей. А еще модернизируем внутренние сервисы и вводим новые.\r\n\r\nС нами ты будешь:\r\n\r\nСоздавать приложение Кибера, в котором будут представлены не только киберспорт, но и другие сферы нашего медиа.Развивать существующую стратегию Кибера, готовить роудмап в краткосрочной и долгосрочной перспективе.Сопровождать задачи в полном цикле: формировать гипотезы, оценивать их, обосновывать и презентовать идеи команде, писать продуктовое ТЗ и документацию, согласовывать требования с дизайнерами, аналитиками, разработкой и контролировать исполнение.Исследовать аудиторию и анализировать цифры.Взаимодействовать со всеми отделами: от разработки и редакции до команды маркетинговых коммуникаций и внешних подрядчиков.\r\n\r\nЧТО МЫ ИЩЕМ В КАНДИДАТАХ\r\n\r\nТы уже работал(а) в продукте с крупными медиа и/или content-creator площадками не менее двух лет.Следишь за продуктовыми трендами и знаешь, какая долгожданная для Apple фича доехала в iOS 16.4, и почему Телеграм до сих пор не сделал полноценный корпоративный мессенджер.MAU, WAU, CPC, CR, LTV, SD, ARPU, AC – тебе понятны эти аббревиатуры, а в некоторых ты уловил(а) двойной смысл.Сможешь объяснить, чем хардлайнер отличается от саппорта и почему никто не любит быть опорником В.У нас нет проджектов, поэтому с разработкой нужно взаимодействовать напрямую и понимать базовую техничку: что такое API и в чем отличия int от float.Ты знаешь, какую метрику получишь, если сделаешь запрос SELECT COUNT(DISTINCT user_id) FROM events WHERE date = ‘2023-05-23’.\r\n\r\nЧТО ПРЕДЛАГАЕМ ВЗАМЕН\r\n\r\nКомфорт и заботу:\r\n\r\nМы не занимаемся микроменеджментом и не контролируем отработанное время, т.к. доверяем своим людям. Поэтому у нас гибкое начало и окончание рабочего дня, которое ты можешь определять самостоятельно.Гибридный график работы. Мы за то, чтобы встречаться с коллегами лично в нашем московском офисе (недалеко от м. Проспект Мира/Рижская), но иногда можно работать удаленно.ДМС со стоматологией оформляем с первого рабочего дня, еще и фитнес с английским можем компенсировать.Если тебе нужен отпуск, мы всегда его тебе предоставим. Как и больничный, который у нас в большинстве случаев не влечет потерю в деньгах.В качестве приятного бонуса у нас есть программа лояльности для сотрудников с сотнями разных скидок.\r\n\r\nОбучение и помощь в развитии:\r\n\r\nУ нас очень чуткий менеджмент, который реально вкладывается в своих сотрудников. Больше половины из них выросли внутри компании, и для нас это показательно.Мы ценим обратную связь, поэтому не пренебрегаем практиками, помогающими нам становиться лучше: one-to-one, performance review.Для команд регулярно покупаем доступы к популярным конференциям, чтобы наши ребята всегда были в тренде.Про классические виды обучения тоже не забываем, поэтому у нас предусмотрена компенсация профильных курсов.\r\n\r\nНам комфортно вместе не только работать, поэтому у нас образовались различные сообщества по интересам: футбольная команда, клуб любителей fifa, киноклуб. Мы любим настолки, практикуем random-coffee и просто созваниваемся среди недели поболтать с коллегами на отвлеченные темы.У нас, в целом, работают адекватные и по-хорошему «простые» люди. Без пафоса, снобизма и понтов. Без духоты и токсичности.\r\n\r\nИнтервью с руководителем Кибера и коллегой-продактом приблизительно на час, где мы поговорим про твой опыт и про наши задачи.Тестовое задание, которое поможет нам лучше понять твои практические навыки.И финальное интервью с CEO/COO и HRD, где мы окончательно убедимся, что подходим друг другу.", "snippet": "Сейчас мы ищем человека, который возьмет на себя задачи продуктового развития и поддержки направления Кибер и поможет сделать его лучшим на рынке.", "locations": [17], "tags": [4]}}, {"model": "vacancies.vacancy", "pk": 85, "fields": {"name": "Специалист службы поддержки пользователей (письменно, без звонков)", "salary": 162, "type": 7, "published_at": "2024-06-11T10:25:52.827Z", "created_at": "2024-06-11T10:25:52.827Z", "archived": false, "url": null, "employer": 1, "schedule": 18, "employment": 8, "experience": 7, "description": "Joom Marketplace — площадка для покупок товаров со всего мира, которая помогает людям сделать процесс покупок лёгким и развлекательным и открывает доступ к качественным товарам со всего мира. Бизнес компании построен вокруг работы с миллионами пользователей по всему миру.\r\n\r\nМы ищем агента поддержки пользователей наших мобильных приложений и веб-сервисов. Если вам интересно помогать людям находить удобные им способы совершать покупки, взаимодействовать в мультиязычной и мультикультурной среде, находить простые и эффективные решения сложных проблем, приходите к нам работать!К вакансии приложено тестовое задание, к которому мы относимся очень внимательно и серьёзно.\r\n\r\nЗадачи:\r\n\r\nотвечать на вопросы русскоговорящих пользователей (всё общение с пользователями только в письменном виде);предлагать решения, связанные с заказами и доставкой товаров;оперативно передавать обратную связь от пользователей Joom.\r\n\r\nМы ожидаем, что вы:\r\n\r\nграмотно пишете и разговариваете на русском языке;умеете объяснять сложные вещи просто и без лишнего формализма;понимаете, в каких случаях можно и нужно действовать нестандартно;готовы выполнять задачи удалённо в графике 40 часов в неделю;способны справляться с большим потоком информации и в целом не боитесь изменений.\r\n\r\nТехнические требования для успешной работы:\r\n\r\nналичие компьютера/ноутбука, с диагональю экрана не менее 13 дюймов, частотой процессора не менее 2 Ггц, RAM не менее 8 Гб, а также домашнего интернета скоростью не менее 20мбит/сек. Обязательно укажите характеристики своего устройства в сопроводительном письме.\r\n\r\nБудет плюсом:\r\n\r\nопыт работы в службах поддержки;готовность оказывать услуги хотя бы в один из выходных: субботу или воскресенье;готовность оказывать услуги в нестандартные часы — с 12.00 до 6.00 по Москве (любой промежуток).\r\n\r\nУсловия:\r\n\r\nсотрудничество на условиях самозанятости;ожидаемый период оказания услуг — около 170 часов в месяц;оплата — 291 рубль/час с учётом налогов (выплаты дважды в месяц);оплачиваемое дистанционное обучение.\r\n\r\nПеред откликом на вакансию, пожалуйста, ознакомьтесь с документом по ссылке: https://legal.joom.com/recruitment/JoomLLC_JoomLabsLLC_candidate_data_processing_consents.pdf\r\n\r\nОбращаем ваше внимание на то, что отклик на вакансию означает, что вы соглашаетесь на осуществление обработки ваших персональных данных в соответствии с описанными условиями.", "snippet": "Ищем звёздочку службы поддержки — удалённо, письменно, эмпатично, без продаж.", "locations": [19], "tags": [5]}}, {"model": "vacancies.vacancy", "pk": 86, "fields": {"name": "Старший менеджер по разработке и развитию продукции", "salary": null, "type": 7, "published_at": "2024-06-11T10:30:20.324Z", "created_at": "2024-06-11T10:30:20.324Z", "archived": false, "url": null, "employer": 4, "schedule": 18, "employment": 8, "experience": 10, "description": "ЧЕМ ПРЕДСТОИТ ЗАНИМАТЬСЯ:    \r\nРасширение и развитие категории lifestyle-товаров (бьюти-аксессуары, декор и полезные предметы для дома, электроника и аксессуары для гаджетов, канцелярские товары и др.)\r\nПоиск готовых товаров и разработка товаров с нуля для включения в ассортимент бренда\r\nАнализ товара: соответствие концепции бренда, качество, потенциал продаж, экономика\r\nАктивное взаимодействие с бренд-командой, дизайнерами и копирайтером при разработке продуктов, их дизайна и дизайна упаковки\r\nФормирование/пополнение пула иностранных поставщиков и производств, выстраивание с ними эффективных, долгосрочных и коммерчески выгодных отношений\r\nУправление технической информацией от поставщиков\r\nЗаключение контрактов и размещение заказов\r\nКонтроль производства и оценка качества сэмплов/товаров/партии, формирование спецификаций для их доработки производителем\r\nРабота со специалистами по логистике, сертификации и таможенному оформлению (как внутренними отделами компании, так и сторонними партнерами) и контроль статуса прохождения всех этапов проверки, получения разрешительной документации и доставки партий\r\nАнализ полноты и производительности товарной матрицы\r\nАнализ ценообразования\r\nОтслеживание рынка, трендов, новинок в соответствующей категории товаров\r\nСопровождение продукта/товара на всех этапах его жизненного цикла (от концепта и его производства, до поставок в точки продаж, анализа отзывов, работы с браком и т.д.)\r\n\r\nТВОИ НАВЫКИ И ЗНАНИЯ:\r\nОпыт работы над аналогичными задачами от 5 лет\r\nГлубокое понимание процесса разработки дизайна продукта/упаковки\r\nОпыт координации производства (товаров, упаковки и пр.)\r\nСвободное владение английским языком (письменный, устный не менее Upper Intermediate - B2)\r\nОпыт работы с Кореей/Китаем/ЮВА\r\nУмение выстраивать партнерские отношения, тактичность и уважение к партнерам из любой точки мира\r\nНасмотренность\r\nОпыт работы с проектами/продуктами/командами, где дизайн, качество исполнения и детали имеют большое значение\r\nУверенное пользование ПК, сложными таблицами, современными цифровыми инструментами ведения проектов\r\n\r\nПРЕИМУЩЕСТВА РАБОТЫ У НАС:\r\nОфициальное трудоустройство и зарплата\r\nГибридный график работы\r\nКомпенсация питания\r\nСкидки на продукцию Золотого Яблока\r\nДМС после полугода работы в компании\r\nСтильный и уютный офис в центре Москвы\r\nРабота в команде творческих профессионалов\r\n\r\nЗОЛОТОЕ ЯБЛОКО БОЛЬШЕ, ЧЕМ ПРО КОСМЕТИКУ\r\nМы внимательно знакомимся с каждым поступившим к нам резюме, и если твой опыт покажется нам подходящим, мы обязательно свяжемся с тобой!", "snippet": "В московской лаборатории брендов при бьюти-ритейлере федерального масштаба «Золотое Яблоко» открыта вакансия «Старший менеджер по разработке и развитию продукции» в рамках нового lifestyle-бренда для тинейджеров и молодых взрослых.", "locations": [17], "tags": [5]}}, {"model": "vacancies.vacancy", "pk": 87, "fields": {"name": "Бизнес - ассистент", "salary": 163, "type": 7, "published_at": "2024-06-11T14:51:40.309Z", "created_at": "2024-06-11T14:51:40.309Z", "archived": false, "url": null, "employer": 4, "schedule": 18, "employment": 8, "experience": 7, "description": "Ассистент — это человек с которым я работаю в тесном контакте. Я много учу, передаю свои навыки и знания. Я много требую, и не получится расслабиться, но взамен ты получишь интенсивное обучение от опытного предпринимателя в креативной сфере. Я не терплю халтуру, меня раздражает плохо сделанная работа. После работы со мной научишься очень многому, погрузишься в индустрию и поймешь, что хочешь делать дальше.", "snippet": "Мы - команда, которая создаёт рекламу и клипы, превращая смелые идеи в визуальные формы и образы. Команда специалистов, увлеченных своим делом. Создаем видеоролики, которые помогают нашим клиентам развивать свой бизнес и освещают деятельность, продукты и др.", "locations": [17], "tags": [5]}}, {"model": "vacancies.vacancy", "pk": 88, "fields": {"name": "Sales-manager в сервис сквозной аналитики Telegram (IT: SaaS / MarTech / AdTech)", "salary": 164, "type": 7, "published_at": "2024-06-11T14:53:06.594Z", "created_at": "2024-06-11T14:53:06.594Z", "archived": false, "url": null, "employer": 1, "schedule": 18, "employment": 8, "experience": 8, "description": "Чем нужно заниматься:\r\n\r\nПоиск клиентов, назначение/проведение встреч, демонстрация продукта, ведение на тестовом периоде, отработка возражений, подготовка и подписание документов, запуск клиента и передача заявок в Support​​​​​​​;Коммуникация с Product / Marketing командами, передача обратной связи от клиентов для усиления продукта, участие в формировании маркетинговых и продуктовых планов;Ведение CRM и отчетности, планерки и статусы;Upsale/Crossale: поддержка клиентов, входящих в портфель.", "snippet": "Присоединяйся к нашей growth-team, чтобы раскачать рынок ТГ-аналитики.\r\nВ твоей зоне роста — продажи текущим клиентам и активные out-bound sales. Потенциальных клиентов — более 11 000 ЦА (рынок пустой и готов к освоению с горячим спросом на решения аналитики трафика).", "locations": [18], "tags": [5]}}, {"model": "vacancies.vacancy", "pk": 89, "fields": {"name": "Специалист по контекстной рекламе Яндекс Директ и Google Ads (junior+)", "salary": 165, "type": 7, "published_at": "2024-06-16T19:40:03.325Z", "created_at": "2024-06-16T19:40:03.325Z", "archived": false, "url": null, "employer": 4, "schedule": 21, "employment": 8, "experience": 7, "description": "Основная задача инженера (специалиста по контекстной рекламе и веб аналитике в нашей терминологии):\r\n\r\nЭффективная проектная работа с Яндекс Директом, аналитика и оптимизация рекламы с обязательным достижением целевых бизнес-показателей по проектам.Обучение работе с Google Ads для работы с международными проектами.", "snippet": "Нужно создавать и вести эффективные рекламные кампании в Гугл Адс (Google Ads) для наших клиентов в США и Европе, работать с Яндекс Директом.", "locations": [18], "tags": [5]}}, {"model": "vacancies.vacancy", "pk": 90, "fields": {"name": "Младший разработчик", "salary": 166, "type": 7, "published_at": "2024-06-17T05:11:01.659Z", "created_at": "2024-06-17T05:11:01.659Z", "archived": false, "url": null, "employer": 1, "schedule": 20, "employment": 8, "experience": 7, "description": "Обязанности: Реализация задач среднего уровня сложности по разработке комплексной корпоративной информационной системы под руководством разработчика. Постоянный рост квалификации. Требования: Понимание принципов структурного программирования, желательно теории реляционных баз данных. Приветствуется опыт работы с базами данных, знание языка запросов SQL. Понимания принципов объектно-ориентированного программирования, знание одного или нескольких языков высокого уровня (C++, pascal). Ответственность, самостоятельность, инициативность. Коммуникабельность, умение и желание работать в команде. Высокая обучаемость.", "snippet": "Вакансия для начинающих разработчиков с небольшим или отсутствующим опытом работы. Мы всему Вас научим, от Вас требуется максимальная скорость освоения материала и высокая обучаемость.", "locations": [19], "tags": [4]}}]